source_file	source_line	function	signature	source_owner	source_citation	target_branch	source_algorithm	source_fields_constants	source_side_effects	retail_classification	retail_va_or_empty	retail_name_or_empty	retail_evidence	retail_falsifier	rebuild_disposition	input_readiness	stable_key
Array.h	15	CArray::CArray	CArray(int sz)	CArray	references/Onslaught/Array.h:15	VANILLA_MEMORYMANAGER	Store sz as capacity and allocate sz elements with malloc.	mSize=sz; mItems; sizeof(T)*sz	Allocates backing storage.	NO_MATCH_FOUND			reverse-engineering/binary-analysis/ghidra-function-name-table-2026-08-17.tsv;reverse-engineering/binary-analysis/function-c1-closure-2026-08-11.tsv;reverse-engineering/source-crosswalk/audit/REPORT.md	A named retail entry with matching owner/alias, signature, target branch, ABI, and body/field behavior.	USE_MANAGED_COLLECTION; preserve count/order/unchecked-access law only when observable	AMBIGUOUS_OVERLOAD_MACRO_NONFUNCTION	Array.h:15:CArray::CArray:CArray(int sz)
Array.h	16	CArray::~dtor	~CArray()	CArray	references/Onslaught/Array.h:16	VANILLA_MEMORYMANAGER	Release the vanilla backing allocation with free.	mItems	Frees backing storage.	NO_MATCH_FOUND			reverse-engineering/binary-analysis/ghidra-function-name-table-2026-08-17.tsv;reverse-engineering/binary-analysis/function-c1-closure-2026-08-11.tsv;reverse-engineering/source-crosswalk/audit/REPORT.md	A named retail entry with matching owner/alias, signature, target branch, ABI, and body/field behavior.	USE_MANAGED_COLLECTION; preserve count/order/unchecked-access law only when observable	AMBIGUOUS_OVERLOAD_MACRO_NONFUNCTION	Array.h:16:CArray::~dtor:~CArray()
Array.h	18	CArray::CArray	CArray(int sz)	CArray	references/Onslaught/Array.h:18	!VANILLA_MEMORYMANAGER	Store sz as capacity and allocate sz elements through typed new[].	mSize=sz; MEMTYPE_ARRAY; sizeof(T)*sz	Allocates and constructs backing elements.	NO_MATCH_FOUND			reverse-engineering/binary-analysis/ghidra-function-name-table-2026-08-17.tsv;reverse-engineering/binary-analysis/function-c1-closure-2026-08-11.tsv;reverse-engineering/source-crosswalk/audit/REPORT.md	A named retail entry with matching owner/alias, signature, target branch, ABI, and body/field behavior.	USE_MANAGED_COLLECTION; preserve count/order/unchecked-access law only when observable	AMBIGUOUS_OVERLOAD_MACRO_NONFUNCTION	Array.h:18:CArray::CArray:CArray(int sz)
Array.h	19	CArray::~dtor	~CArray()	CArray	references/Onslaught/Array.h:19	!VANILLA_MEMORYMANAGER	Release and destruct the typed backing array with delete[].	mItems	Destructs elements and frees backing storage.	NO_MATCH_FOUND			reverse-engineering/binary-analysis/ghidra-function-name-table-2026-08-17.tsv;reverse-engineering/binary-analysis/function-c1-closure-2026-08-11.tsv;reverse-engineering/source-crosswalk/audit/REPORT.md	A named retail entry with matching owner/alias, signature, target branch, ABI, and body/field behavior.	USE_MANAGED_COLLECTION; preserve count/order/unchecked-access law only when observable	AMBIGUOUS_OVERLOAD_MACRO_NONFUNCTION	Array.h:19:CArray::~dtor:~CArray()
Array.h	21	CArray::operator=	& operator =(CArray<T>& copy)	CArray	references/Onslaught/Array.h:21	all CArray builds	Copy exactly receiver mSize entries from the source through indexed access, then return this.	mSize; mItems[0..mSize)	Overwrites receiver elements; capacity is unchanged.	NO_MATCH_FOUND			reverse-engineering/binary-analysis/ghidra-function-name-table-2026-08-17.tsv;reverse-engineering/binary-analysis/function-c1-closure-2026-08-11.tsv;reverse-engineering/source-crosswalk/audit/REPORT.md	A named retail entry with matching owner/alias, signature, target branch, ABI, and body/field behavior.	USE_MANAGED_COLLECTION; preserve count/order/unchecked-access law only when observable	AMBIGUOUS_OVERLOAD_MACRO_NONFUNCTION	Array.h:21:CArray::operator=:& operator =(CArray<T>& copy)
Array.h	22	CArray::SetAll	SetAll(T val)	CArray	references/Onslaught/Array.h:22	all CArray builds	Fill every entry from zero through mSize-1 with val.	mSize; mItems	Overwrites all live capacity entries.	NO_MATCH_FOUND			reverse-engineering/binary-analysis/ghidra-function-name-table-2026-08-17.tsv;reverse-engineering/binary-analysis/function-c1-closure-2026-08-11.tsv;reverse-engineering/source-crosswalk/audit/REPORT.md	A named retail entry with matching owner/alias, signature, target branch, ABI, and body/field behavior.	USE_MANAGED_COLLECTION; preserve count/order/unchecked-access law only when observable	SOURCE_ONLY_BOUNDED_NO_MATCH	Array.h:22:CArray::SetAll:SetAll(T val)
Array.h	23	CArray::Size	Size()	CArray	references/Onslaught/Array.h:23	all CArray builds	Return the stored array capacity.	mSize	None.	NO_MATCH_FOUND			reverse-engineering/binary-analysis/ghidra-function-name-table-2026-08-17.tsv;reverse-engineering/binary-analysis/function-c1-closure-2026-08-11.tsv;reverse-engineering/source-crosswalk/audit/REPORT.md	A named retail entry with matching owner/alias, signature, target branch, ABI, and body/field behavior.	USE_MANAGED_COLLECTION; preserve count/order/unchecked-access law only when observable	SOURCE_ONLY_BOUNDED_NO_MATCH	Array.h:23:CArray::Size:Size()
Array.h	27	CArray::ReSize	ReSize(int size)	CArray	references/Onslaught/Array.h:27	!PARTICLE_ED && !EDITORBUILD2 && !VANILLA_MEMORYMANAGER	Reallocate through MEM_MANAGER to size*sizeof(T), then store the new size.	mItems; mSize; sizeof(T)*size	May move backing storage and changes capacity.	NO_MATCH_FOUND			reverse-engineering/binary-analysis/ghidra-function-name-table-2026-08-17.tsv;reverse-engineering/binary-analysis/function-c1-closure-2026-08-11.tsv;reverse-engineering/source-crosswalk/audit/REPORT.md	A named retail entry with matching owner/alias, signature, target branch, ABI, and body/field behavior.	USE_MANAGED_COLLECTION; preserve count/order/unchecked-access law only when observable	AMBIGUOUS_OVERLOAD_MACRO_NONFUNCTION	Array.h:27:CArray::ReSize:ReSize(int size)
Array.h	29	CArray::ReSize	ReSize(int size)	CArray	references/Onslaught/Array.h:29	!PARTICLE_ED && !EDITORBUILD2 && VANILLA_MEMORYMANAGER	Reallocate through CRT realloc to size*sizeof(T), then store the new size.	mItems; mSize; sizeof(T)*size	May move backing storage and changes capacity.	NO_MATCH_FOUND			reverse-engineering/binary-analysis/ghidra-function-name-table-2026-08-17.tsv;reverse-engineering/binary-analysis/function-c1-closure-2026-08-11.tsv;reverse-engineering/source-crosswalk/audit/REPORT.md	A named retail entry with matching owner/alias, signature, target branch, ABI, and body/field behavior.	USE_MANAGED_COLLECTION; preserve count/order/unchecked-access law only when observable	AMBIGUOUS_OVERLOAD_MACRO_NONFUNCTION	Array.h:29:CArray::ReSize:ReSize(int size)
Array.h	32	CArray::ReSize	ReSize(int size)	CArray	references/Onslaught/Array.h:32	!PARTICLE_ED && EDITORBUILD2	Reallocate through CRT realloc to size*sizeof(T), then store the new size.	mItems; mSize; sizeof(T)*size	May move backing storage and changes capacity.	NO_MATCH_FOUND			reverse-engineering/binary-analysis/ghidra-function-name-table-2026-08-17.tsv;reverse-engineering/binary-analysis/function-c1-closure-2026-08-11.tsv;reverse-engineering/source-crosswalk/audit/REPORT.md	A named retail entry with matching owner/alias, signature, target branch, ABI, and body/field behavior.	USE_MANAGED_COLLECTION; preserve count/order/unchecked-access law only when observable	AMBIGUOUS_OVERLOAD_MACRO_NONFUNCTION	Array.h:32:CArray::ReSize:ReSize(int size)
Array.h	35	CArray::ReSize	ReSize(int size)	CArray	references/Onslaught/Array.h:35	PARTICLE_ED	Reallocate through CRT realloc to size*sizeof(T), then store the new size.	mItems; mSize; sizeof(T)*size	May move backing storage and changes capacity.	NO_MATCH_FOUND			reverse-engineering/binary-analysis/ghidra-function-name-table-2026-08-17.tsv;reverse-engineering/binary-analysis/function-c1-closure-2026-08-11.tsv;reverse-engineering/source-crosswalk/audit/REPORT.md	A named retail entry with matching owner/alias, signature, target branch, ABI, and body/field behavior.	USE_MANAGED_COLLECTION; preserve count/order/unchecked-access law only when observable	AMBIGUOUS_OVERLOAD_MACRO_NONFUNCTION	Array.h:35:CArray::ReSize:ReSize(int size)
Array.h	43	CArray::operator[]	& operator [] (int item)	CArray	references/Onslaught/Array.h:43	!_DEBUG	Return a reference to mItems[item] without bounds validation.	mItems; item	Exposes mutable element storage.	NO_MATCH_FOUND			reverse-engineering/binary-analysis/ghidra-function-name-table-2026-08-17.tsv;reverse-engineering/binary-analysis/function-c1-closure-2026-08-11.tsv;reverse-engineering/source-crosswalk/audit/REPORT.md	A named retail entry with matching owner/alias, signature, target branch, ABI, and body/field behavior.	USE_MANAGED_COLLECTION; preserve count/order/unchecked-access law only when observable	AMBIGUOUS_OVERLOAD_MACRO_NONFUNCTION	Array.h:43:CArray::operator[]:& operator [] (int item)
Array.h	58	CSArray::operator=	& operator =(CSArray<T, size>& copy)	CSArray	references/Onslaught/Array.h:58	all CSArray builds	Copy all compile-time size entries from the source and return this.	mItems[size]; template constant size	Overwrites every embedded element.	NO_MATCH_FOUND			reverse-engineering/binary-analysis/ghidra-function-name-table-2026-08-17.tsv;reverse-engineering/binary-analysis/function-c1-closure-2026-08-11.tsv;reverse-engineering/source-crosswalk/audit/REPORT.md	A named retail entry with matching owner/alias, signature, target branch, ABI, and body/field behavior.	USE_MANAGED_COLLECTION; preserve count/order/unchecked-access law only when observable	AMBIGUOUS_OVERLOAD_MACRO_NONFUNCTION	Array.h:58:CSArray::operator=:& operator =(CSArray<T, size>& copy)
Array.h	59	CSArray::SetAll	SetAll(T val)	CSArray	references/Onslaught/Array.h:59	all CSArray builds	Fill all compile-time size embedded entries with val.	mItems[size]; template constant size	Overwrites every embedded element.	NO_MATCH_FOUND			reverse-engineering/binary-analysis/ghidra-function-name-table-2026-08-17.tsv;reverse-engineering/binary-analysis/function-c1-closure-2026-08-11.tsv;reverse-engineering/source-crosswalk/audit/REPORT.md	A named retail entry with matching owner/alias, signature, target branch, ABI, and body/field behavior.	USE_MANAGED_COLLECTION; preserve count/order/unchecked-access law only when observable	SOURCE_ONLY_BOUNDED_NO_MATCH	Array.h:59:CSArray::SetAll:SetAll(T val)
Array.h	60	CSArray::Size	Size()	CSArray	references/Onslaught/Array.h:60	all CSArray builds	Return the compile-time array size.	template constant size	None.	NO_MATCH_FOUND			reverse-engineering/binary-analysis/ghidra-function-name-table-2026-08-17.tsv;reverse-engineering/binary-analysis/function-c1-closure-2026-08-11.tsv;reverse-engineering/source-crosswalk/audit/REPORT.md	A named retail entry with matching owner/alias, signature, target branch, ABI, and body/field behavior.	USE_MANAGED_COLLECTION; preserve count/order/unchecked-access law only when observable	SOURCE_ONLY_BOUNDED_NO_MATCH	Array.h:60:CSArray::Size:Size()
Array.h	65	CSArray::operator[]	& operator [] (int item)	CSArray	references/Onslaught/Array.h:65	!_DEBUG	Return a reference to embedded mItems[item] without bounds validation.	mItems[size]; item	Exposes mutable embedded element storage.	NO_MATCH_FOUND			reverse-engineering/binary-analysis/ghidra-function-name-table-2026-08-17.tsv;reverse-engineering/binary-analysis/function-c1-closure-2026-08-11.tsv;reverse-engineering/source-crosswalk/audit/REPORT.md	A named retail entry with matching owner/alias, signature, target branch, ABI, and body/field behavior.	USE_MANAGED_COLLECTION; preserve count/order/unchecked-access law only when observable	AMBIGUOUS_OVERLOAD_MACRO_NONFUNCTION	Array.h:65:CSArray::operator[]:& operator [] (int item)
Array.h	78	COSet::COSet	COSet(int initial_size = 1)	COSet	references/Onslaught/Array.h:78	all COSet builds	Construct the CArray base with initial_size and set the live entry count to zero.	initial_size default 1; mEntries=0	Allocates base storage.	NO_MATCH_FOUND			reverse-engineering/binary-analysis/ghidra-function-name-table-2026-08-17.tsv;reverse-engineering/binary-analysis/function-c1-closure-2026-08-11.tsv;reverse-engineering/source-crosswalk/audit/REPORT.md	A named retail entry with matching owner/alias, signature, target branch, ABI, and body/field behavior.	USE_MANAGED_COLLECTION; preserve count/order/unchecked-access law only when observable	SOURCE_ONLY_BOUNDED_NO_MATCH	Array.h:78:COSet::COSet:COSet(int initial_size = 1)
Array.h	79	COSet::operator=	& operator =(COSet<T>& copy)	COSet	references/Onslaught/Array.h:79	all COSet builds	Resize to the source capacity when needed, copy base elements, then copy entry and iterator state.	mSize; mEntries; mIterator	May reallocate and overwrites collection and iterator state.	NO_MATCH_FOUND			reverse-engineering/binary-analysis/ghidra-function-name-table-2026-08-17.tsv;reverse-engineering/binary-analysis/function-c1-closure-2026-08-11.tsv;reverse-engineering/source-crosswalk/audit/REPORT.md	A named retail entry with matching owner/alias, signature, target branch, ABI, and body/field behavior.	USE_MANAGED_COLLECTION; preserve count/order/unchecked-access law only when observable	AMBIGUOUS_OVERLOAD_MACRO_NONFUNCTION	Array.h:79:COSet::operator=:& operator =(COSet<T>& copy)
Array.h	80	COSet::Add	Add(const T& item)	COSet	references/Onslaught/Array.h:80	all COSet builds	Increment live entries, grow capacity to twice the new count when full, store item at the new tail, and return its index.	mEntries; mSize; growth=mEntries*2	May reallocate; appends one element.	NO_MATCH_FOUND			reverse-engineering/binary-analysis/ghidra-function-name-table-2026-08-17.tsv;reverse-engineering/binary-analysis/function-c1-closure-2026-08-11.tsv;reverse-engineering/source-crosswalk/audit/REPORT.md	A named retail entry with matching owner/alias, signature, target branch, ABI, and body/field behavior.	USE_MANAGED_COLLECTION; preserve count/order/unchecked-access law only when observable	SOURCE_ONLY_BOUNDED_NO_MATCH	Array.h:80:COSet::Add:Add(const T& item)
Array.h	81	COSet::First	* First()	COSet	references/Onslaught/Array.h:81	all COSet builds	Reset iterator to zero and return the first element address, or null when empty.	mIterator=0; mEntries	Mutates iterator state.	NO_MATCH_FOUND			reverse-engineering/binary-analysis/ghidra-function-name-table-2026-08-17.tsv;reverse-engineering/binary-analysis/function-c1-closure-2026-08-11.tsv;reverse-engineering/source-crosswalk/audit/REPORT.md	A named retail entry with matching owner/alias, signature, target branch, ABI, and body/field behavior.	USE_MANAGED_COLLECTION; preserve count/order/unchecked-access law only when observable	SOURCE_ONLY_BOUNDED_NO_MATCH	Array.h:81:COSet::First:* First()
Array.h	82	COSet::Next	* Next()	COSet	references/Onslaught/Array.h:82	all COSet builds	Advance iterator and return that element address, or null at the end.	mIterator; mEntries	Mutates iterator state.	NO_MATCH_FOUND			reverse-engineering/binary-analysis/ghidra-function-name-table-2026-08-17.tsv;reverse-engineering/binary-analysis/function-c1-closure-2026-08-11.tsv;reverse-engineering/source-crosswalk/audit/REPORT.md	A named retail entry with matching owner/alias, signature, target branch, ABI, and body/field behavior.	USE_MANAGED_COLLECTION; preserve count/order/unchecked-access law only when observable	SOURCE_ONLY_BOUNDED_NO_MATCH	Array.h:82:COSet::Next:* Next()
Array.h	83	COSet::Finalise	Finalise()	COSet	references/Onslaught/Array.h:83	all COSet builds	Resize backing capacity to the live entry count.	mEntries	May reallocate and trims spare capacity.	NO_MATCH_FOUND			reverse-engineering/binary-analysis/ghidra-function-name-table-2026-08-17.tsv;reverse-engineering/binary-analysis/function-c1-closure-2026-08-11.tsv;reverse-engineering/source-crosswalk/audit/REPORT.md	A named retail entry with matching owner/alias, signature, target branch, ABI, and body/field behavior.	USE_MANAGED_COLLECTION; preserve count/order/unchecked-access law only when observable	SOURCE_ONLY_BOUNDED_NO_MATCH	Array.h:83:COSet::Finalise:Finalise()
Array.h	84	COSet::Size	Size()	COSet	references/Onslaught/Array.h:84	all COSet builds	Return the live entry count rather than backing capacity.	mEntries	None.	NO_MATCH_FOUND			reverse-engineering/binary-analysis/ghidra-function-name-table-2026-08-17.tsv;reverse-engineering/binary-analysis/function-c1-closure-2026-08-11.tsv;reverse-engineering/source-crosswalk/audit/REPORT.md	A named retail entry with matching owner/alias, signature, target branch, ABI, and body/field behavior.	USE_MANAGED_COLLECTION; preserve count/order/unchecked-access law only when observable	SOURCE_ONLY_BOUNDED_NO_MATCH	Array.h:84:COSet::Size:Size()
chunker.h	30	CChunker::WhereAmI	WhereAmI()	CChunker	references/Onslaught/chunker.h:30	all targets through selected CMEMBUFFER	Return the writer's logical byte position.	Position	None.	NO_MATCH_FOUND			reverse-engineering/binary-analysis/ghidra-function-name-table-2026-08-17.tsv;reverse-engineering/binary-analysis/function-c1-closure-2026-08-11.tsv;reverse-engineering/source-crosswalk/audit/REPORT.md	A named retail entry with matching owner/alias, signature, target branch, ABI, and body/field behavior.	FUTURE_SOURCE_FIRST_CHUNK_WRITER only with a concrete consumer	SOURCE_ONLY_BOUNDED_NO_MATCH	chunker.h:30:CChunker::WhereAmI:WhereAmI()
chunker.h	48	CChunkReader::GetSize	GetSize()	CChunkReader	references/Onslaught/chunker.h:48	all targets through selected CMEMBUFFER	Return the current chunk payload size.	Size	None.	NO_MATCH_FOUND			reverse-engineering/binary-analysis/ghidra-function-name-table-2026-08-17.tsv;reverse-engineering/binary-analysis/function-c1-closure-2026-08-11.tsv;reverse-engineering/source-crosswalk/audit/REPORT.md	A named retail entry with matching owner/alias, signature, target branch, ABI, and body/field behavior.	ALREADY_PORTED_READ_SIDE in RetailChunkReader/RetailMemBuffer	SOURCE_ONLY_BOUNDED_NO_MATCH	chunker.h:48:CChunkReader::GetSize:GetSize()
chunker.h	50	CChunkReader::GetMemBuffer	*GetMemBuffer()	CChunkReader	references/Onslaught/chunker.h:50	all targets through selected CMEMBUFFER	Return the current concrete memory-buffer pointer.	File	Exposes the owned or adopted buffer reference.	NO_MATCH_FOUND			reverse-engineering/binary-analysis/ghidra-function-name-table-2026-08-17.tsv;reverse-engineering/binary-analysis/function-c1-closure-2026-08-11.tsv;reverse-engineering/source-crosswalk/audit/REPORT.md	A named retail entry with matching owner/alias, signature, target branch, ABI, and body/field behavior.	REPRESENTED_BY_RESIDENT_BUFFER_STATE; no duplicate owner	SOURCE_ONLY_BOUNDED_NO_MATCH	chunker.h:50:CChunkReader::GetMemBuffer:*GetMemBuffer()
CLIParams.h	8	CCLIParams::~dtor	~CCLIParams()	CCLIParams	references/Onslaught/CLIParams.h:8	all targets	Empty inline destructor.	none	None at source level; compiler emission is unresolved.	NO_MATCH_FOUND			reverse-engineering/binary-analysis/ghidra-function-name-table-2026-08-17.tsv;reverse-engineering/binary-analysis/function-c1-closure-2026-08-11.tsv;reverse-engineering/source-crosswalk/audit/REPORT.md	A named retail entry with matching owner/alias, signature, target branch, ABI, and body/field behavior.	NO_MANAGED_RUNTIME_BEHAVIOR	EXTERNAL_PROOF_REQUIRED	CLIParams.h:8:CCLIParams::~dtor:~CCLIParams()
DXMemBuffer.h	41	CDXMemBuffer::IsMoreData	IsMoreData()	CDXMemBuffer	references/Onslaught/DXMemBuffer.h:41	_DIRECTX	Assert read mode, then report whether the current pointer precedes the end of buffered data.	mReading; mPtr; mData; mDataSize	Debug builds may assert; otherwise none.	NO_MATCH_FOUND			reverse-engineering/binary-analysis/ghidra-function-name-table-2026-08-17.tsv;reverse-engineering/binary-analysis/function-c1-closure-2026-08-11.tsv;reverse-engineering/source-crosswalk/audit/REPORT.md;reverse-engineering/binary-analysis/pc-memory-io-semantics-2026-08-11.tsv	A named retail entry with matching owner/alias, signature, target branch, ABI, and body/field behavior.	REPRESENTED_BY_RESIDENT_BUFFER_STATE; no duplicate owner	SOURCE_ONLY_BOUNDED_NO_MATCH	DXMemBuffer.h:41:CDXMemBuffer::IsMoreData:IsMoreData()
DXMemBuffer.h	45	CDXMemBuffer::GetData	*GetData()	CDXMemBuffer	references/Onslaught/DXMemBuffer.h:45	_DIRECTX	Return the backing data pointer.	mData	Exposes mutable backing storage.	NO_MATCH_FOUND			reverse-engineering/binary-analysis/ghidra-function-name-table-2026-08-17.tsv;reverse-engineering/binary-analysis/function-c1-closure-2026-08-11.tsv;reverse-engineering/source-crosswalk/audit/REPORT.md;reverse-engineering/binary-analysis/pc-memory-io-semantics-2026-08-11.tsv	A named retail entry with matching owner/alias, signature, target branch, ABI, and body/field behavior.	DO_NOT_EXPOSE_RAW_POINTER; keep managed buffer encapsulated	SOURCE_ONLY_BOUNDED_NO_MATCH	DXMemBuffer.h:45:CDXMemBuffer::GetData:*GetData()
DXMemBuffer.h	51	CDXMemBuffer::WhereAmI	WhereAmI()	CDXMemBuffer	references/Onslaught/DXMemBuffer.h:51	_DIRECTX	Return the logical stream position.	mPos	None.	NO_MATCH_FOUND			reverse-engineering/binary-analysis/ghidra-function-name-table-2026-08-17.tsv;reverse-engineering/binary-analysis/function-c1-closure-2026-08-11.tsv;reverse-engineering/source-crosswalk/audit/REPORT.md;reverse-engineering/binary-analysis/pc-memory-io-semantics-2026-08-11.tsv	A named retail entry with matching owner/alias, signature, target branch, ABI, and body/field behavior.	ALREADY_PORTED_READ_SIDE in RetailChunkReader/RetailMemBuffer	SOURCE_ONLY_BOUNDED_NO_MATCH	DXMemBuffer.h:51:CDXMemBuffer::WhereAmI:WhereAmI()
DXMemoryManager.cpp	65	CDXMemoryManager::Init	CDXMemoryManager::Init(UINT aSize, UINT aTexDataSize, UINT aVBDataSize)	CDXMemoryManager	references/Onslaught/DXMemoryManager.cpp:65	TARGET != PC three-argument DirectX branch	Initialize default, dump, sound, and optional thing heaps, then for Xbox add texture and vertex-buffer heaps and route their memory types.	aSize; aTexDataSize; aVBDataSize; 300*1024 tiny arena; heap routing table	Allocates heaps, changes global initialization state, and rewrites type-to-heap routing.	NOT_IN_RETAIL			reverse-engineering/binary-analysis/pc-memory-io-semantics-2026-08-11.tsv;reverse-engineering/binary-analysis/pc-memory-io-semantics-2026-08-11.md	A pristine-PC body/callsite that selects this exact branch and signature.	DO_NOT_PORT_ALLOCATOR_TO_CORE; managed storage, optional client telemetry only	AMBIGUOUS_OVERLOAD_MACRO_NONFUNCTION	DXMemoryManager.cpp:65:CDXMemoryManager::Init:CDXMemoryManager::Init(UINT aSize, UINT aTexDataSize, UINT aVBDataSize)
DXMemoryManager.h	34	CDXMemoryManager::SetMerge	SetMerge( BOOL aMerge )	CDXMemoryManager	references/Onslaught/DXMemoryManager.h:34	_DIRECTX	Forward merge policy to the default heap.	mDefaultHeap; aMerge	May trigger heap cleanup/sorting through SetMerge.	NO_MATCH_FOUND			reverse-engineering/binary-analysis/ghidra-function-name-table-2026-08-17.tsv;reverse-engineering/binary-analysis/function-c1-closure-2026-08-11.tsv;reverse-engineering/source-crosswalk/audit/REPORT.md;reverse-engineering/binary-analysis/pc-memory-io-semantics-2026-08-11.tsv	A named retail entry with matching owner/alias, signature, target branch, ABI, and body/field behavior.	DO_NOT_PORT_ALLOCATOR_TO_CORE; managed storage, optional client telemetry only	SOURCE_ONLY_BOUNDED_NO_MATCH	DXMemoryManager.h:34:CDXMemoryManager::SetMerge:SetMerge( BOOL aMerge )
DXMemoryManager.h	69	CDXMemoryManager::GetDefaultHeapSize	GetDefaultHeapSize()	CDXMemoryManager	references/Onslaught/DXMemoryManager.h:69	_DIRECTX	Return default-heap capacity.	mDefaultHeap.mSize	None.	NO_MATCH_FOUND			reverse-engineering/binary-analysis/ghidra-function-name-table-2026-08-17.tsv;reverse-engineering/binary-analysis/function-c1-closure-2026-08-11.tsv;reverse-engineering/source-crosswalk/audit/REPORT.md;reverse-engineering/binary-analysis/pc-memory-io-semantics-2026-08-11.tsv	A named retail entry with matching owner/alias, signature, target branch, ABI, and body/field behavior.	DO_NOT_PORT_ALLOCATOR_TO_CORE; managed storage, optional client telemetry only	SOURCE_ONLY_BOUNDED_NO_MATCH	DXMemoryManager.h:69:CDXMemoryManager::GetDefaultHeapSize:GetDefaultHeapSize()
DXMemoryManager.h	70	CDXMemoryManager::GetDefaultUsedSize	GetDefaultUsedSize()	CDXMemoryManager	references/Onslaught/DXMemoryManager.h:70	_DIRECTX	Return default-heap used bytes.	mDefaultHeap.mUsedSize	None.	NO_MATCH_FOUND			reverse-engineering/binary-analysis/ghidra-function-name-table-2026-08-17.tsv;reverse-engineering/binary-analysis/function-c1-closure-2026-08-11.tsv;reverse-engineering/source-crosswalk/audit/REPORT.md;reverse-engineering/binary-analysis/pc-memory-io-semantics-2026-08-11.tsv	A named retail entry with matching owner/alias, signature, target branch, ABI, and body/field behavior.	DO_NOT_PORT_ALLOCATOR_TO_CORE; managed storage, optional client telemetry only	SOURCE_ONLY_BOUNDED_NO_MATCH	DXMemoryManager.h:70:CDXMemoryManager::GetDefaultUsedSize:GetDefaultUsedSize()
DXMemoryManager.h	71	CDXMemoryManager::GetDefaultPeakSize	GetDefaultPeakSize()	CDXMemoryManager	references/Onslaught/DXMemoryManager.h:71	_DIRECTX	Return default-heap peak used bytes.	mDefaultHeap.mUsedMaxSize	None.	NO_MATCH_FOUND			reverse-engineering/binary-analysis/ghidra-function-name-table-2026-08-17.tsv;reverse-engineering/binary-analysis/function-c1-closure-2026-08-11.tsv;reverse-engineering/source-crosswalk/audit/REPORT.md;reverse-engineering/binary-analysis/pc-memory-io-semantics-2026-08-11.tsv	A named retail entry with matching owner/alias, signature, target branch, ABI, and body/field behavior.	DO_NOT_PORT_ALLOCATOR_TO_CORE; managed storage, optional client telemetry only	SOURCE_ONLY_BOUNDED_NO_MATCH	DXMemoryManager.h:71:CDXMemoryManager::GetDefaultPeakSize:GetDefaultPeakSize()
DXMemoryManager.h	73	CDXMemoryManager::GetTexDataHeapSize	GetTexDataHeapSize()	CDXMemoryManager	references/Onslaught/DXMemoryManager.h:73	TARGET == XBOX	Return texture-data heap capacity.	mTexDataHeap.mSize	None.	NOT_IN_RETAIL			reverse-engineering/binary-analysis/pc-memory-io-semantics-2026-08-11.tsv;reverse-engineering/binary-analysis/pc-memory-io-semantics-2026-08-11.md	A pristine-PC body/callsite that selects this exact branch and signature.	DO_NOT_PORT_ALLOCATOR_TO_CORE; managed storage, optional client telemetry only	SOURCE_ONLY_BOUNDED_NO_MATCH	DXMemoryManager.h:73:CDXMemoryManager::GetTexDataHeapSize:GetTexDataHeapSize()
DXMemoryManager.h	74	CDXMemoryManager::GetTexDataUsedSize	GetTexDataUsedSize()	CDXMemoryManager	references/Onslaught/DXMemoryManager.h:74	TARGET == XBOX	Return texture-data heap used bytes.	mTexDataHeap.mUsedSize	None.	NOT_IN_RETAIL			reverse-engineering/binary-analysis/pc-memory-io-semantics-2026-08-11.tsv;reverse-engineering/binary-analysis/pc-memory-io-semantics-2026-08-11.md	A pristine-PC body/callsite that selects this exact branch and signature.	DO_NOT_PORT_ALLOCATOR_TO_CORE; managed storage, optional client telemetry only	SOURCE_ONLY_BOUNDED_NO_MATCH	DXMemoryManager.h:74:CDXMemoryManager::GetTexDataUsedSize:GetTexDataUsedSize()
DXMemoryManager.h	75	CDXMemoryManager::GetTexDataPeakSize	GetTexDataPeakSize()	CDXMemoryManager	references/Onslaught/DXMemoryManager.h:75	TARGET == XBOX	Return texture-data heap peak used bytes.	mTexDataHeap.mUsedMaxSize	None.	NOT_IN_RETAIL			reverse-engineering/binary-analysis/pc-memory-io-semantics-2026-08-11.tsv;reverse-engineering/binary-analysis/pc-memory-io-semantics-2026-08-11.md	A pristine-PC body/callsite that selects this exact branch and signature.	DO_NOT_PORT_ALLOCATOR_TO_CORE; managed storage, optional client telemetry only	SOURCE_ONLY_BOUNDED_NO_MATCH	DXMemoryManager.h:75:CDXMemoryManager::GetTexDataPeakSize:GetTexDataPeakSize()
DXMemoryManager.h	76	CDXMemoryManager::GetVBDataHeapSize	GetVBDataHeapSize()	CDXMemoryManager	references/Onslaught/DXMemoryManager.h:76	TARGET == XBOX	Return vertex-buffer heap capacity.	mVBDataHeap.mSize	None.	NOT_IN_RETAIL			reverse-engineering/binary-analysis/pc-memory-io-semantics-2026-08-11.tsv;reverse-engineering/binary-analysis/pc-memory-io-semantics-2026-08-11.md	A pristine-PC body/callsite that selects this exact branch and signature.	DO_NOT_PORT_ALLOCATOR_TO_CORE; managed storage, optional client telemetry only	SOURCE_ONLY_BOUNDED_NO_MATCH	DXMemoryManager.h:76:CDXMemoryManager::GetVBDataHeapSize:GetVBDataHeapSize()
DXMemoryManager.h	77	CDXMemoryManager::GetVBDataUsedSize	GetVBDataUsedSize()	CDXMemoryManager	references/Onslaught/DXMemoryManager.h:77	TARGET == XBOX	Return total vertex-buffer heap used bytes.	mVBDataHeap.mUsedSize	None.	NOT_IN_RETAIL			reverse-engineering/binary-analysis/pc-memory-io-semantics-2026-08-11.tsv;reverse-engineering/binary-analysis/pc-memory-io-semantics-2026-08-11.md	A pristine-PC body/callsite that selects this exact branch and signature.	DO_NOT_PORT_ALLOCATOR_TO_CORE; managed storage, optional client telemetry only	AMBIGUOUS_OVERLOAD_MACRO_NONFUNCTION	DXMemoryManager.h:77:CDXMemoryManager::GetVBDataUsedSize:GetVBDataUsedSize()
DXMemoryManager.h	78	CDXMemoryManager::GetVBDataPeakSize	GetVBDataPeakSize()	CDXMemoryManager	references/Onslaught/DXMemoryManager.h:78	TARGET == XBOX	Return vertex-buffer heap peak used bytes.	mVBDataHeap.mUsedMaxSize	None.	NOT_IN_RETAIL			reverse-engineering/binary-analysis/pc-memory-io-semantics-2026-08-11.tsv;reverse-engineering/binary-analysis/pc-memory-io-semantics-2026-08-11.md	A pristine-PC body/callsite that selects this exact branch and signature.	DO_NOT_PORT_ALLOCATOR_TO_CORE; managed storage, optional client telemetry only	SOURCE_ONLY_BOUNDED_NO_MATCH	DXMemoryManager.h:78:CDXMemoryManager::GetVBDataPeakSize:GetVBDataPeakSize()
DXMemoryManager.h	82	CDXMemoryManager::GetDefaultHeap	*   GetDefaultHeap()	CDXMemoryManager	references/Onslaught/DXMemoryManager.h:82	_DIRECTX	Return the default heap address.	mDefaultHeap	Exposes mutable heap ownership.	NO_MATCH_FOUND			reverse-engineering/binary-analysis/ghidra-function-name-table-2026-08-17.tsv;reverse-engineering/binary-analysis/function-c1-closure-2026-08-11.tsv;reverse-engineering/source-crosswalk/audit/REPORT.md;reverse-engineering/binary-analysis/pc-memory-io-semantics-2026-08-11.tsv	A named retail entry with matching owner/alias, signature, target branch, ABI, and body/field behavior.	DO_NOT_PORT_ALLOCATOR_TO_CORE; managed storage, optional client telemetry only	SOURCE_ONLY_BOUNDED_NO_MATCH	DXMemoryManager.h:82:CDXMemoryManager::GetDefaultHeap:*   GetDefaultHeap()
DXMemoryManager.h	83	CDXMemoryManager::GetThingHeap	*   GetThingHeap()	CDXMemoryManager	references/Onslaught/DXMemoryManager.h:83	_DIRECTX	Return the thing heap address.	mThingHeap	Exposes mutable heap ownership.	NO_MATCH_FOUND			reverse-engineering/binary-analysis/ghidra-function-name-table-2026-08-17.tsv;reverse-engineering/binary-analysis/function-c1-closure-2026-08-11.tsv;reverse-engineering/source-crosswalk/audit/REPORT.md;reverse-engineering/binary-analysis/pc-memory-io-semantics-2026-08-11.tsv	A named retail entry with matching owner/alias, signature, target branch, ABI, and body/field behavior.	DO_NOT_PORT_ALLOCATOR_TO_CORE; managed storage, optional client telemetry only	SOURCE_ONLY_BOUNDED_NO_MATCH	DXMemoryManager.h:83:CDXMemoryManager::GetThingHeap:*   GetThingHeap()
membuffer.h	15	IMemBuffer::Read	Read(void *data, SINT size)	IMemBuffer	references/Onslaught/membuffer.h:15	all targets; concrete type selected below	Assert because the pseudo-interface read stub is not intended for direct use.	ASSERT(0)	Debug/assert failure if called.	NO_MATCH_FOUND			reverse-engineering/binary-analysis/ghidra-function-name-table-2026-08-17.tsv;reverse-engineering/binary-analysis/function-c1-closure-2026-08-11.tsv;reverse-engineering/source-crosswalk/audit/REPORT.md	A named retail entry with matching owner/alias, signature, target branch, ABI, and body/field behavior.	DO_NOT_PORT_ASSERT_ONLY_PSEUDO_INTERFACE_STUB	SOURCE_ONLY_BOUNDED_NO_MATCH	membuffer.h:15:IMemBuffer::Read:Read(void *data, SINT size)
membuffer.h	16	IMemBuffer::Write	Write(void *data, SINT size)	IMemBuffer	references/Onslaught/membuffer.h:16	all targets; concrete type selected below	Assert because the pseudo-interface write stub is not intended for direct use.	ASSERT(0)	Debug/assert failure if called.	NO_MATCH_FOUND			reverse-engineering/binary-analysis/ghidra-function-name-table-2026-08-17.tsv;reverse-engineering/binary-analysis/function-c1-closure-2026-08-11.tsv;reverse-engineering/source-crosswalk/audit/REPORT.md	A named retail entry with matching owner/alias, signature, target branch, ABI, and body/field behavior.	DO_NOT_PORT_ASSERT_ONLY_PSEUDO_INTERFACE_STUB	SOURCE_ONLY_BOUNDED_NO_MATCH	membuffer.h:16:IMemBuffer::Write:Write(void *data, SINT size)
membuffer.h	18	IMemBuffer::DeclareInvalidData	DeclareInvalidData(CThing *t)	IMemBuffer	references/Onslaught/membuffer.h:18	all targets; concrete type selected below	Assert because the pseudo-interface invalid-data stub is not intended for direct use.	ASSERT(0)	Debug/assert failure if called.	NO_MATCH_FOUND			reverse-engineering/binary-analysis/ghidra-function-name-table-2026-08-17.tsv;reverse-engineering/binary-analysis/function-c1-closure-2026-08-11.tsv;reverse-engineering/source-crosswalk/audit/REPORT.md	A named retail entry with matching owner/alias, signature, target branch, ABI, and body/field behavior.	DO_NOT_PORT_ASSERT_ONLY_PSEUDO_INTERFACE_STUB	SOURCE_ONLY_BOUNDED_NO_MATCH	membuffer.h:18:IMemBuffer::DeclareInvalidData:DeclareInvalidData(CThing *t)
MemoryManager.cpp	81	CMutexGrabber::~dtor	~CMutexGrabber()	CMutexGrabber	references/Onslaught/MemoryManager.cpp:81	_DIRECTX	Release the mutex captured by the stack guard.	m_Mutex	Clears the pointed-to mutex flag.	NO_MATCH_FOUND			reverse-engineering/binary-analysis/ghidra-function-name-table-2026-08-17.tsv;reverse-engineering/binary-analysis/function-c1-closure-2026-08-11.tsv;reverse-engineering/source-crosswalk/audit/REPORT.md;reverse-engineering/binary-analysis/pc-memory-io-semantics-2026-08-11.tsv	A named retail entry with matching owner/alias, signature, target branch, ABI, and body/field behavior.	DO_NOT_PORT_ALLOCATOR_TO_CORE; managed storage, optional client telemetry only	EXTERNAL_PROOF_REQUIRED	MemoryManager.cpp:81:CMutexGrabber::~dtor:~CMutexGrabber()
MemoryManager.cpp	304	CMemoryHeap::Init	CMemoryHeap::Init( UINT aSize, UINT tinysize, char *name, BOOL bSupportSmallAllocs)	CMemoryHeap	references/Onslaught/MemoryManager.cpp:304	TARGET != XBOX four-argument heap branch	Clear heap/type statistics and free lists, align size to 16 bytes, enable merging, copy the name, link the heap globally, allocate/aligned-initialize the main block, and optionally build a 16-byte tiny-block chain.	16-byte alignment; MEM_MAGIC_HEADER 0x4f69ea21; 16 small-free lists; tiny blocks of 16 bytes	Allocates heap storage, links global heap state, seeds free lists, and initializes counters.	SOURCE_ANALOG	0x004a13b0	CMemoryHeap__Init	reverse-engineering/binary-analysis/ghidra-fullpass-findings/W005/adversarial/B13.md;reverse-engineering/binary-analysis/ghidra-function-name-table-2026-08-17.tsv;reverse-engineering/binary-analysis/function-c1-closure-2026-08-11.tsv	A retail body, ABI, field order, or source-coordinate owner that contradicts the bounded source shape.	DO_NOT_PORT_ALLOCATOR_TO_CORE; managed storage, optional client telemetry only	NAMED_RETAIL_ANALOG_PRECISE_TARGET	MemoryManager.cpp:304:CMemoryHeap::Init:CMemoryHeap::Init( UINT aSize, UINT tinysize, char *name, BOOL bSupportSmallAllocs)
MemoryManager.h	223	CMemoryBlock::GetSize	GetSize()	CMemoryBlock	references/Onslaught/MemoryManager.h:223	all custom-manager targets	Mask the low four flag/alignment bits and return block payload size.	mSize & 0xfffffff0	None.	NO_MATCH_FOUND			reverse-engineering/binary-analysis/ghidra-function-name-table-2026-08-17.tsv;reverse-engineering/binary-analysis/function-c1-closure-2026-08-11.tsv;reverse-engineering/source-crosswalk/audit/REPORT.md;reverse-engineering/binary-analysis/pc-memory-io-semantics-2026-08-11.tsv	A named retail entry with matching owner/alias, signature, target branch, ABI, and body/field behavior.	DO_NOT_PORT_ALLOCATOR_TO_CORE; managed storage, optional client telemetry only	SOURCE_ONLY_BOUNDED_NO_MATCH	MemoryManager.h:223:CMemoryBlock::GetSize:GetSize()
MemoryManager.h	224	CMemoryBlock::GetMem	* GetMem()	CMemoryBlock	references/Onslaught/MemoryManager.h:224	all custom-manager targets	Return the user pointer immediately after the allocation header.	this + MEMBLOCK_HEADER_SIZE	Exposes mutable payload storage.	NO_MATCH_FOUND			reverse-engineering/binary-analysis/ghidra-function-name-table-2026-08-17.tsv;reverse-engineering/binary-analysis/function-c1-closure-2026-08-11.tsv;reverse-engineering/source-crosswalk/audit/REPORT.md;reverse-engineering/binary-analysis/pc-memory-io-semantics-2026-08-11.tsv	A named retail entry with matching owner/alias, signature, target branch, ABI, and body/field behavior.	DO_NOT_PORT_ALLOCATOR_TO_CORE; managed storage, optional client telemetry only	SOURCE_ONLY_BOUNDED_NO_MATCH	MemoryManager.h:224:CMemoryBlock::GetMem:* GetMem()
MemoryManager.h	225	CMemoryBlock::GetType	GetType()	CMemoryBlock	references/Onslaught/MemoryManager.h:225	all custom-manager targets	Return the allocation memory type.	mType	None.	NO_MATCH_FOUND			reverse-engineering/binary-analysis/ghidra-function-name-table-2026-08-17.tsv;reverse-engineering/binary-analysis/function-c1-closure-2026-08-11.tsv;reverse-engineering/source-crosswalk/audit/REPORT.md;reverse-engineering/binary-analysis/pc-memory-io-semantics-2026-08-11.tsv	A named retail entry with matching owner/alias, signature, target branch, ABI, and body/field behavior.	DO_NOT_PORT_ALLOCATOR_TO_CORE; managed storage, optional client telemetry only	SOURCE_ONLY_BOUNDED_NO_MATCH	MemoryManager.h:225:CMemoryBlock::GetType:GetType()
MemoryManager.h	226	CMemoryBlock::GetBlockSize	GetBlockSize()	CMemoryBlock	references/Onslaught/MemoryManager.h:226	all custom-manager targets	Return payload size plus allocation-header size.	GetSize()+MEMBLOCK_HEADER_SIZE	None.	NO_MATCH_FOUND			reverse-engineering/binary-analysis/ghidra-function-name-table-2026-08-17.tsv;reverse-engineering/binary-analysis/function-c1-closure-2026-08-11.tsv;reverse-engineering/source-crosswalk/audit/REPORT.md;reverse-engineering/binary-analysis/pc-memory-io-semantics-2026-08-11.tsv	A named retail entry with matching owner/alias, signature, target branch, ABI, and body/field behavior.	DO_NOT_PORT_ALLOCATOR_TO_CORE; managed storage, optional client telemetry only	SOURCE_ONLY_BOUNDED_NO_MATCH	MemoryManager.h:226:CMemoryBlock::GetBlockSize:GetBlockSize()
MemoryManager.h	228	CMemoryBlock::GetBlockBelow	* GetBlockBelow()	CMemoryBlock	references/Onslaught/MemoryManager.h:228	all custom-manager targets	Compute the next physical block by adding this block's total size.	this+GetBlockSize()	None.	NO_MATCH_FOUND			reverse-engineering/binary-analysis/ghidra-function-name-table-2026-08-17.tsv;reverse-engineering/binary-analysis/function-c1-closure-2026-08-11.tsv;reverse-engineering/source-crosswalk/audit/REPORT.md;reverse-engineering/binary-analysis/pc-memory-io-semantics-2026-08-11.tsv	A named retail entry with matching owner/alias, signature, target branch, ABI, and body/field behavior.	DO_NOT_PORT_ALLOCATOR_TO_CORE; managed storage, optional client telemetry only	SOURCE_ONLY_BOUNDED_NO_MATCH	MemoryManager.h:228:CMemoryBlock::GetBlockBelow:* GetBlockBelow()
MemoryManager.h	230	CMemoryBlock::GetBlock	* GetBlock( void * apMem )	CMemoryBlock	references/Onslaught/MemoryManager.h:230	all custom-manager targets	Recover a block header by subtracting the header size from a user pointer.	apMem-MEMBLOCK_HEADER_SIZE	None.	NO_MATCH_FOUND			reverse-engineering/binary-analysis/ghidra-function-name-table-2026-08-17.tsv;reverse-engineering/binary-analysis/function-c1-closure-2026-08-11.tsv;reverse-engineering/source-crosswalk/audit/REPORT.md;reverse-engineering/binary-analysis/pc-memory-io-semantics-2026-08-11.tsv	A named retail entry with matching owner/alias, signature, target branch, ABI, and body/field behavior.	DO_NOT_PORT_ALLOCATOR_TO_CORE; managed storage, optional client telemetry only	SOURCE_ONLY_BOUNDED_NO_MATCH	MemoryManager.h:230:CMemoryBlock::GetBlock:* GetBlock( void * apMem )
MemoryManager.h	232	CMemoryBlock::IsUsed	IsUsed()	CMemoryBlock	references/Onslaught/MemoryManager.h:232	all custom-manager targets	Test used flag bit zero.	mSize & 0x1	None.	NO_MATCH_FOUND			reverse-engineering/binary-analysis/ghidra-function-name-table-2026-08-17.tsv;reverse-engineering/binary-analysis/function-c1-closure-2026-08-11.tsv;reverse-engineering/source-crosswalk/audit/REPORT.md;reverse-engineering/binary-analysis/pc-memory-io-semantics-2026-08-11.tsv	A named retail entry with matching owner/alias, signature, target branch, ABI, and body/field behavior.	DO_NOT_PORT_ALLOCATOR_TO_CORE; managed storage, optional client telemetry only	SOURCE_ONLY_BOUNDED_NO_MATCH	MemoryManager.h:232:CMemoryBlock::IsUsed:IsUsed()
MemoryManager.h	233	CMemoryBlock::IsFree	IsFree()	CMemoryBlock	references/Onslaught/MemoryManager.h:233	all custom-manager targets	Return the inverse of used flag bit zero.	!(mSize & 0x1)	None.	NO_MATCH_FOUND			reverse-engineering/binary-analysis/ghidra-function-name-table-2026-08-17.tsv;reverse-engineering/binary-analysis/function-c1-closure-2026-08-11.tsv;reverse-engineering/source-crosswalk/audit/REPORT.md;reverse-engineering/binary-analysis/pc-memory-io-semantics-2026-08-11.tsv	A named retail entry with matching owner/alias, signature, target branch, ABI, and body/field behavior.	DO_NOT_PORT_ALLOCATOR_TO_CORE; managed storage, optional client telemetry only	SOURCE_ONLY_BOUNDED_NO_MATCH	MemoryManager.h:233:CMemoryBlock::IsFree:IsFree()
MemoryManager.h	235	CMemoryBlock::IsBaseSet	IsBaseSet()	CMemoryBlock	references/Onslaught/MemoryManager.h:235	all custom-manager targets	Test base-set flag bit one.	mSize & 0x2	None.	NO_MATCH_FOUND			reverse-engineering/binary-analysis/ghidra-function-name-table-2026-08-17.tsv;reverse-engineering/binary-analysis/function-c1-closure-2026-08-11.tsv;reverse-engineering/source-crosswalk/audit/REPORT.md;reverse-engineering/binary-analysis/pc-memory-io-semantics-2026-08-11.tsv	A named retail entry with matching owner/alias, signature, target branch, ABI, and body/field behavior.	DO_NOT_PORT_ALLOCATOR_TO_CORE; managed storage, optional client telemetry only	SOURCE_ONLY_BOUNDED_NO_MATCH	MemoryManager.h:235:CMemoryBlock::IsBaseSet:IsBaseSet()
MemoryManager.h	243	CMemoryBlock::IsValid	IsValid()	CMemoryBlock	references/Onslaught/MemoryManager.h:243	all custom-manager targets	Compare the block magic against the fixed header sentinel.	MEM_MAGIC_HEADER=0x4f69ea21	None.	NO_MATCH_FOUND			reverse-engineering/binary-analysis/ghidra-function-name-table-2026-08-17.tsv;reverse-engineering/binary-analysis/function-c1-closure-2026-08-11.tsv;reverse-engineering/source-crosswalk/audit/REPORT.md;reverse-engineering/binary-analysis/pc-memory-io-semantics-2026-08-11.tsv	A named retail entry with matching owner/alias, signature, target branch, ABI, and body/field behavior.	DO_NOT_PORT_ALLOCATOR_TO_CORE; managed storage, optional client telemetry only	SOURCE_ONLY_BOUNDED_NO_MATCH	MemoryManager.h:243:CMemoryBlock::IsValid:IsValid()
MemoryManager.h	278	CMemoryHeap::GetTypeSize	GetTypeSize(EMemoryType type)	CMemoryHeap	references/Onslaught/MemoryManager.h:278	all custom-manager targets	Return current bytes attributed to one memory type.	mTypeSize[type]	None.	NO_MATCH_FOUND			reverse-engineering/binary-analysis/ghidra-function-name-table-2026-08-17.tsv;reverse-engineering/binary-analysis/function-c1-closure-2026-08-11.tsv;reverse-engineering/source-crosswalk/audit/REPORT.md;reverse-engineering/binary-analysis/pc-memory-io-semantics-2026-08-11.tsv	A named retail entry with matching owner/alias, signature, target branch, ABI, and body/field behavior.	DO_NOT_PORT_ALLOCATOR_TO_CORE; managed storage, optional client telemetry only	SOURCE_ONLY_BOUNDED_NO_MATCH	MemoryManager.h:278:CMemoryHeap::GetTypeSize:GetTypeSize(EMemoryType type)
MemoryManager.h	295	CMemoryHeap::GetName	*GetName()	CMemoryHeap	references/Onslaught/MemoryManager.h:295	all custom-manager targets	Return the heap name pointer.	mName[64]	Exposes name storage.	NO_MATCH_FOUND			reverse-engineering/binary-analysis/ghidra-function-name-table-2026-08-17.tsv;reverse-engineering/binary-analysis/function-c1-closure-2026-08-11.tsv;reverse-engineering/source-crosswalk/audit/REPORT.md;reverse-engineering/binary-analysis/pc-memory-io-semantics-2026-08-11.tsv	A named retail entry with matching owner/alias, signature, target branch, ABI, and body/field behavior.	DO_NOT_PORT_ALLOCATOR_TO_CORE; managed storage, optional client telemetry only	SOURCE_ONLY_BOUNDED_NO_MATCH	MemoryManager.h:295:CMemoryHeap::GetName:*GetName()
MemoryManager.h	297	CMemoryHeap::GetSize	GetSize()	CMemoryHeap	references/Onslaught/MemoryManager.h:297	all custom-manager targets	Return heap capacity.	mSize	None.	NO_MATCH_FOUND			reverse-engineering/binary-analysis/ghidra-function-name-table-2026-08-17.tsv;reverse-engineering/binary-analysis/function-c1-closure-2026-08-11.tsv;reverse-engineering/source-crosswalk/audit/REPORT.md;reverse-engineering/binary-analysis/pc-memory-io-semantics-2026-08-11.tsv	A named retail entry with matching owner/alias, signature, target branch, ABI, and body/field behavior.	DO_NOT_PORT_ALLOCATOR_TO_CORE; managed storage, optional client telemetry only	SOURCE_ONLY_BOUNDED_NO_MATCH	MemoryManager.h:297:CMemoryHeap::GetSize:GetSize()
MemoryManager.h	298	CMemoryHeap::GetPeakSize	GetPeakSize()	CMemoryHeap	references/Onslaught/MemoryManager.h:298	all custom-manager targets	Return peak used bytes.	mUsedMaxSize	None.	NO_MATCH_FOUND			reverse-engineering/binary-analysis/ghidra-function-name-table-2026-08-17.tsv;reverse-engineering/binary-analysis/function-c1-closure-2026-08-11.tsv;reverse-engineering/source-crosswalk/audit/REPORT.md;reverse-engineering/binary-analysis/pc-memory-io-semantics-2026-08-11.tsv	A named retail entry with matching owner/alias, signature, target branch, ABI, and body/field behavior.	DO_NOT_PORT_ALLOCATOR_TO_CORE; managed storage, optional client telemetry only	SOURCE_ONLY_BOUNDED_NO_MATCH	MemoryManager.h:298:CMemoryHeap::GetPeakSize:GetPeakSize()
MemoryManager.h	299	CMemoryHeap::GetUsedSize	GetUsedSize()	CMemoryHeap	references/Onslaught/MemoryManager.h:299	all custom-manager targets	Return current used bytes.	mUsedSize	None.	NO_MATCH_FOUND			reverse-engineering/binary-analysis/ghidra-function-name-table-2026-08-17.tsv;reverse-engineering/binary-analysis/function-c1-closure-2026-08-11.tsv;reverse-engineering/source-crosswalk/audit/REPORT.md;reverse-engineering/binary-analysis/pc-memory-io-semantics-2026-08-11.tsv	A named retail entry with matching owner/alias, signature, target branch, ABI, and body/field behavior.	DO_NOT_PORT_ALLOCATOR_TO_CORE; managed storage, optional client telemetry only	SOURCE_ONLY_BOUNDED_NO_MATCH	MemoryManager.h:299:CMemoryHeap::GetUsedSize:GetUsedSize()
MemoryManager.h	300	CMemoryHeap::GetFreeSize	GetFreeSize()	CMemoryHeap	references/Onslaught/MemoryManager.h:300	all custom-manager targets	Return current free payload bytes.	mFreeSize	None.	NO_MATCH_FOUND			reverse-engineering/binary-analysis/ghidra-function-name-table-2026-08-17.tsv;reverse-engineering/binary-analysis/function-c1-closure-2026-08-11.tsv;reverse-engineering/source-crosswalk/audit/REPORT.md;reverse-engineering/binary-analysis/pc-memory-io-semantics-2026-08-11.tsv	A named retail entry with matching owner/alias, signature, target branch, ABI, and body/field behavior.	DO_NOT_PORT_ALLOCATOR_TO_CORE; managed storage, optional client telemetry only	SOURCE_ONLY_BOUNDED_NO_MATCH	MemoryManager.h:300:CMemoryHeap::GetFreeSize:GetFreeSize()
MemoryManager.h	301	CMemoryHeap::GetTotalFreeSize	GetTotalFreeSize()	CMemoryHeap	references/Onslaught/MemoryManager.h:301	all custom-manager targets	Return free payload plus reclaimable free-block headers.	mFreeSize+mFreeBlocks*MEMBLOCK_HEADER_SIZE	None.	NO_MATCH_FOUND			reverse-engineering/binary-analysis/ghidra-function-name-table-2026-08-17.tsv;reverse-engineering/binary-analysis/function-c1-closure-2026-08-11.tsv;reverse-engineering/source-crosswalk/audit/REPORT.md;reverse-engineering/binary-analysis/pc-memory-io-semantics-2026-08-11.tsv	A named retail entry with matching owner/alias, signature, target branch, ABI, and body/field behavior.	DO_NOT_PORT_ALLOCATOR_TO_CORE; managed storage, optional client telemetry only	SOURCE_ONLY_BOUNDED_NO_MATCH	MemoryManager.h:301:CMemoryHeap::GetTotalFreeSize:GetTotalFreeSize()
MemoryManager.h	324	CMemoryHeap::IsLastBlock	IsLastBlock( CMemoryBlock * apBlock )	CMemoryHeap	references/Onslaught/MemoryManager.h:324	all custom-manager targets	Compute the block below and test whether it reaches or passes heap end.	apBlock->GetBlockBelow(); mpMem+mSize	None.	NO_MATCH_FOUND			reverse-engineering/binary-analysis/ghidra-function-name-table-2026-08-17.tsv;reverse-engineering/binary-analysis/function-c1-closure-2026-08-11.tsv;reverse-engineering/source-crosswalk/audit/REPORT.md;reverse-engineering/binary-analysis/pc-memory-io-semantics-2026-08-11.tsv	A named retail entry with matching owner/alias, signature, target branch, ABI, and body/field behavior.	DO_NOT_PORT_ALLOCATOR_TO_CORE; managed storage, optional client telemetry only	SOURCE_ONLY_BOUNDED_NO_MATCH	MemoryManager.h:324:CMemoryHeap::IsLastBlock:IsLastBlock( CMemoryBlock * apBlock )
MemoryManager.h	402	CMemoryManager::~dtor	~CMemoryManager()	CMemoryManager	references/Onslaught/MemoryManager.h:402	all custom-manager targets	Walk the memory-tag list, deleting each node until empty.	mFirstTag; CMemoryTag.mNext	Deletes all remaining tag records.	NO_MATCH_FOUND			reverse-engineering/binary-analysis/ghidra-function-name-table-2026-08-17.tsv;reverse-engineering/binary-analysis/function-c1-closure-2026-08-11.tsv;reverse-engineering/source-crosswalk/audit/REPORT.md;reverse-engineering/binary-analysis/pc-memory-io-semantics-2026-08-11.tsv	A named retail entry with matching owner/alias, signature, target branch, ABI, and body/field behavior.	DO_NOT_PORT_ALLOCATOR_TO_CORE; managed storage, optional client telemetry only	EXTERNAL_PROOF_REQUIRED	MemoryManager.h:402:CMemoryManager::~dtor:~CMemoryManager()
SPtrSet.cpp	24	GenericSPtrSet::GenericSPtrSet	GenericSPtrSet::GenericSPtrSet()	GenericSPtrSet	references/Onslaught/SPtrSet.cpp:24	all targets	Construct an empty pointer set by clearing head, tail, and size.	mFirst=null; mLast=null; mSize=0	Initializes instance state.	SOURCE_ANALOG	0x004e5840	CSPtrSet__Init	reverse-engineering/binary-analysis/ghidra-fullpass-findings/W007/primary/A07.md;reverse-engineering/binary-analysis/ghidra-function-name-table-2026-08-17.tsv;reverse-engineering/binary-analysis/function-c1-closure-2026-08-11.tsv	A retail body, ABI, field order, or source-coordinate owner that contradicts the bounded source shape.	USE_CONSUMER_SCOPED_ORDERED_MANAGED_COLLECTION; no raw pointer pool	AMBIGUOUS_OVERLOAD_MACRO_NONFUNCTION	SPtrSet.cpp:24:GenericSPtrSet::GenericSPtrSet:GenericSPtrSet::GenericSPtrSet()
SPtrSet.cpp	35	GenericSPtrSet::GenericSPtrSet	GenericSPtrSet::GenericSPtrSet(const GenericSPtrSet& copy)	GenericSPtrSet	references/Onslaught/SPtrSet.cpp:35	all targets	Construct empty state, iterate the source in order, and append every pointer.	mFirst=null; mLast=null; mSize=0; GenericListIterator	Consumes free-list nodes and preserves source traversal order.	SOURCE_ANALOG	0x004e5850	CSPtrSet__CopyCtorFromSource	reverse-engineering/binary-analysis/ghidra-fullpass-findings/W007/primary/A07.md;reverse-engineering/binary-analysis/ghidra-function-name-table-2026-08-17.tsv;reverse-engineering/binary-analysis/function-c1-closure-2026-08-11.tsv	A retail body, ABI, field order, or source-coordinate owner that contradicts the bounded source shape.	USE_CONSUMER_SCOPED_ORDERED_MANAGED_COLLECTION; no raw pointer pool	AMBIGUOUS_OVERLOAD_MACRO_NONFUNCTION	SPtrSet.cpp:35:GenericSPtrSet::GenericSPtrSet:GenericSPtrSet::GenericSPtrSet(const GenericSPtrSet& copy)
SPtrSet.cpp	53	GenericSPtrSet::operator=	& GenericSPtrSet::operator = (GenericSPtrSet& copy)	GenericSPtrSet	references/Onslaught/SPtrSet.cpp:53	all targets	Return current nodes to the pool, then append every source pointer in traversal order and return this.	RemoveAll; GenericListIterator; Append	Replaces collection contents and consumes/recycles free-list nodes.	SOURCE_ANALOG	0x004e58a0	CSPtrSet__operator_assign	reverse-engineering/binary-analysis/ghidra-fullpass-findings/W007/primary/A07.md;reverse-engineering/binary-analysis/ghidra-function-name-table-2026-08-17.tsv;reverse-engineering/binary-analysis/function-c1-closure-2026-08-11.tsv	A retail body, ABI, field order, or source-coordinate owner that contradicts the bounded source shape.	USE_CONSUMER_SCOPED_ORDERED_MANAGED_COLLECTION; no raw pointer pool	AMBIGUOUS_OVERLOAD_MACRO_NONFUNCTION	SPtrSet.cpp:53:GenericSPtrSet::operator=:& GenericSPtrSet::operator = (GenericSPtrSet& copy)
SPtrSet.h	39	GenericSPtrSet::Size	Size()	GenericSPtrSet	references/Onslaught/SPtrSet.h:39	all targets	Return pointer-set entry count.	mSize	None.	NO_MATCH_FOUND			reverse-engineering/binary-analysis/ghidra-function-name-table-2026-08-17.tsv;reverse-engineering/binary-analysis/function-c1-closure-2026-08-11.tsv;reverse-engineering/source-crosswalk/audit/REPORT.md;reverse-engineering/binary-analysis/ghidra-fullpass-findings/W007/primary/A07.md	A named retail entry with matching owner/alias, signature, target branch, ABI, and body/field behavior.	USE_CONSUMER_SCOPED_ORDERED_MANAGED_COLLECTION; no raw pointer pool	SOURCE_ONLY_BOUNDED_NO_MATCH	SPtrSet.h:39:GenericSPtrSet::Size:Size()
SPtrSet.h	40	GenericSPtrSet::First	* First()	GenericSPtrSet	references/Onslaught/SPtrSet.h:40	all targets	Set the internal iterator to head and return its item, or null.	mIterator; mFirst	Mutates internal iterator state.	SOURCE_ANALOG	0x00406d20	CSPtrSet__First	reverse-engineering/binary-analysis/ghidra-fullpass-findings/W001/primary/A06.md;reverse-engineering/binary-analysis/ghidra-fullpass-findings/W001/adversarial/B06.md;reverse-engineering/binary-analysis/ghidra-function-name-table-2026-08-17.tsv;reverse-engineering/binary-analysis/function-c1-closure-2026-08-11.tsv	A released body or ABI/field order that contradicts the bounded iterator shape, or source-coordinate evidence assigning the body elsewhere.	USE_CONSUMER_SCOPED_ORDERED_MANAGED_COLLECTION; no raw pointer pool	NAMED_RETAIL_ANALOG_PRECISE_TARGET	SPtrSet.h:40:GenericSPtrSet::First:* First()
SPtrSet.h	41	GenericSPtrSet::Next	* Next()	GenericSPtrSet	references/Onslaught/SPtrSet.h:41	all targets	Advance the internal iterator to next and return its item, or null.	mIterator->mNext	Mutates internal iterator state.	SOURCE_ANALOG	0x00406d30	CSPtrSet__Next	reverse-engineering/binary-analysis/ghidra-fullpass-findings/W001/primary/A06.md;reverse-engineering/binary-analysis/ghidra-fullpass-findings/W001/adversarial/B06.md;reverse-engineering/binary-analysis/ghidra-function-name-table-2026-08-17.tsv;reverse-engineering/binary-analysis/function-c1-closure-2026-08-11.tsv	A released body or ABI/field order that contradicts the bounded iterator shape, or source-coordinate evidence assigning the body elsewhere.	USE_CONSUMER_SCOPED_ORDERED_MANAGED_COLLECTION; no raw pointer pool	NAMED_RETAIL_ANALOG_PRECISE_TARGET	SPtrSet.h:41:GenericSPtrSet::Next:* Next()
SPtrSet.h	43	GenericSPtrSet::Last	* Last()	GenericSPtrSet	references/Onslaught/SPtrSet.h:43	all targets	Return the last node's item without an empty guard.	mLast->mItem	None; null tail would fault.	NO_MATCH_FOUND			reverse-engineering/binary-analysis/ghidra-function-name-table-2026-08-17.tsv;reverse-engineering/binary-analysis/function-c1-closure-2026-08-11.tsv;reverse-engineering/source-crosswalk/audit/REPORT.md;reverse-engineering/binary-analysis/ghidra-fullpass-findings/W007/primary/A07.md	A named retail entry with matching owner/alias, signature, target branch, ABI, and body/field behavior.	USE_CONSUMER_SCOPED_ORDERED_MANAGED_COLLECTION; no raw pointer pool	SOURCE_ONLY_BOUNDED_NO_MATCH	SPtrSet.h:43:GenericSPtrSet::Last:* Last()
SPtrSet.h	70	SPtrSet::SPtrSet	SPtrSet()	SPtrSet	references/Onslaught/SPtrSet.h:70	all template instantiations	Construct the typed wrapper by invoking the generic empty constructor.	GenericSPtrSet base	Initializes base set state.	CANDIDATE_UNRESOLVED			reverse-engineering/binary-analysis/ghidra-fullpass-findings/W008/primary/A08.md;reverse-engineering/binary-analysis/ghidra-fullpass-findings/W008/adversarial/B08.md;reverse-engineering/binary-analysis/ghidra-function-name-table-2026-08-17.tsv;reverse-engineering/binary-analysis/function-c1-closure-2026-08-11.tsv	Template-instantiation or source-coordinate evidence that uniquely assigns candidate CSPtrSet__ctor at 0x00505d00 to this universal wrapper row rather than one folded instantiation.	USE_CONSUMER_SCOPED_ORDERED_MANAGED_COLLECTION; no raw pointer pool	AMBIGUOUS_OVERLOAD_MACRO_NONFUNCTION	SPtrSet.h:70:SPtrSet::SPtrSet:SPtrSet()
SPtrSet.h	71	SPtrSet::SPtrSet	SPtrSet(const SPtrSet<T>& copy)	SPtrSet	references/Onslaught/SPtrSet.h:71	all template instantiations	Construct the typed wrapper through the generic copy constructor.	GenericSPtrSet base	Copies pointers and consumes free-list nodes.	CANDIDATE_UNRESOLVED			reverse-engineering/binary-analysis/ghidra-fullpass-findings/W007/primary/A07.md;reverse-engineering/binary-analysis/ghidra-fullpass-findings/W007/adversarial/B07.md;reverse-engineering/binary-analysis/ghidra-function-name-table-2026-08-17.tsv;reverse-engineering/binary-analysis/function-c1-closure-2026-08-11.tsv	Template-instantiation or source-coordinate evidence that uniquely distinguishes this typed wrapper from candidate generic body CSPtrSet__CopyCtorFromSource at 0x004e5850.	USE_CONSUMER_SCOPED_ORDERED_MANAGED_COLLECTION; no raw pointer pool	AMBIGUOUS_OVERLOAD_MACRO_NONFUNCTION	SPtrSet.h:71:SPtrSet::SPtrSet:SPtrSet(const SPtrSet<T>& copy)
SPtrSet.h	72	SPtrSet::operator=	& operator = (SPtrSet<T>& copy)	SPtrSet	references/Onslaught/SPtrSet.h:72	all template instantiations	Forward assignment to the generic set and return this.	GenericSPtrSet::operator=	Replaces collection contents.	CANDIDATE_UNRESOLVED			reverse-engineering/binary-analysis/ghidra-fullpass-findings/W007/primary/A07.md;reverse-engineering/binary-analysis/ghidra-fullpass-findings/W007/adversarial/B07.md;reverse-engineering/binary-analysis/ghidra-function-name-table-2026-08-17.tsv;reverse-engineering/binary-analysis/function-c1-closure-2026-08-11.tsv	Template-instantiation or source-coordinate evidence that uniquely distinguishes this typed wrapper from candidate generic body CSPtrSet__operator_assign at 0x004e58a0.	USE_CONSUMER_SCOPED_ORDERED_MANAGED_COLLECTION; no raw pointer pool	AMBIGUOUS_OVERLOAD_MACRO_NONFUNCTION	SPtrSet.h:72:SPtrSet::operator=:& operator = (SPtrSet<T>& copy)
SPtrSet.h	73	SPtrSet::Add	Add(T* ptr)	SPtrSet	references/Onslaught/SPtrSet.h:73	all template instantiations	Forward typed pointer insertion to generic head insertion.	GenericSPtrSet::Add	Adds one pointer at the head.	CANDIDATE_UNRESOLVED			reverse-engineering/binary-analysis/ghidra-fullpass-findings/W007/primary/A07.md;reverse-engineering/binary-analysis/ghidra-fullpass-findings/W007/adversarial/B07.md;reverse-engineering/binary-analysis/ghidra-function-name-table-2026-08-17.tsv;reverse-engineering/binary-analysis/function-c1-closure-2026-08-11.tsv	Template-instantiation or source-coordinate evidence that uniquely distinguishes this inline typed forwarder from candidate generic body CSPtrSet__AddToHead at 0x004e5a80.	USE_CONSUMER_SCOPED_ORDERED_MANAGED_COLLECTION; no raw pointer pool	AMBIGUOUS_OVERLOAD_MACRO_NONFUNCTION	SPtrSet.h:73:SPtrSet::Add:Add(T* ptr)
SPtrSet.h	74	SPtrSet::Append	Append(T* ptr)	SPtrSet	references/Onslaught/SPtrSet.h:74	all template instantiations	Forward typed pointer insertion to generic tail append.	GenericSPtrSet::Append	Adds one pointer at the tail.	CANDIDATE_UNRESOLVED			reverse-engineering/binary-analysis/ghidra-fullpass-findings/W007/primary/A07.md;reverse-engineering/binary-analysis/ghidra-fullpass-findings/W007/adversarial/B07.md;reverse-engineering/binary-analysis/ghidra-function-name-table-2026-08-17.tsv;reverse-engineering/binary-analysis/function-c1-closure-2026-08-11.tsv	Template-instantiation or source-coordinate evidence that uniquely distinguishes this inline typed forwarder from candidate generic body CSPtrSet__AddToTail at 0x004e5b20.	USE_CONSUMER_SCOPED_ORDERED_MANAGED_COLLECTION; no raw pointer pool	AMBIGUOUS_OVERLOAD_MACRO_NONFUNCTION	SPtrSet.h:74:SPtrSet::Append:Append(T* ptr)
SPtrSet.h	75	SPtrSet::Remove	Remove(T* ptr)	SPtrSet	references/Onslaught/SPtrSet.h:75	all template instantiations	Forward first-match typed removal to the generic set.	GenericSPtrSet::Remove	Removes at most one pointer.	CANDIDATE_UNRESOLVED			reverse-engineering/binary-analysis/ghidra-fullpass-findings/W007/primary/A07.md;reverse-engineering/binary-analysis/ghidra-fullpass-findings/W007/adversarial/B07.md;reverse-engineering/binary-analysis/ghidra-function-name-table-2026-08-17.tsv;reverse-engineering/binary-analysis/function-c1-closure-2026-08-11.tsv	Template-instantiation or source-coordinate evidence that uniquely distinguishes this inline typed forwarder from candidate generic body CSPtrSet__Remove at 0x004e5bd0.	USE_CONSUMER_SCOPED_ORDERED_MANAGED_COLLECTION; no raw pointer pool	AMBIGUOUS_OVERLOAD_MACRO_NONFUNCTION	SPtrSet.h:75:SPtrSet::Remove:Remove(T* ptr)
SPtrSet.h	76	SPtrSet::RemoveAll	RemoveAll()	SPtrSet	references/Onslaught/SPtrSet.h:76	all template instantiations	Forward clear to the generic set.	GenericSPtrSet::RemoveAll	Returns all nodes to the shared free list.	CANDIDATE_UNRESOLVED			reverse-engineering/binary-analysis/ghidra-fullpass-findings/W007/primary/A07.md;reverse-engineering/binary-analysis/ghidra-fullpass-findings/W007/adversarial/B07.md;reverse-engineering/binary-analysis/ghidra-fullpass-findings/W002/primary/A11.md;reverse-engineering/binary-analysis/ghidra-fullpass-findings/W002/adversarial/B11.md;reverse-engineering/binary-analysis/ghidra-function-name-table-2026-08-17.tsv;reverse-engineering/binary-analysis/function-c1-closure-2026-08-11.tsv	Template-instantiation or source-coordinate evidence that uniquely distinguishes this inline typed forwarder from canonical candidate CSPtrSet__Clear at 0x004e5c60 and its thunk at 0x0042f220.	USE_CONSUMER_SCOPED_ORDERED_MANAGED_COLLECTION; no raw pointer pool	AMBIGUOUS_OVERLOAD_MACRO_NONFUNCTION	SPtrSet.h:76:SPtrSet::RemoveAll:RemoveAll()
SPtrSet.h	77	SPtrSet::DeleteAll	DeleteAll()	SPtrSet	references/Onslaught/SPtrSet.h:77	all template instantiations	Delete every pointed-to object in iteration order, then clear all nodes.	FOR_ALL_ITEMS_IN; delete; RemoveAll	Destroys pointed-to objects and clears the set.	NO_MATCH_FOUND			reverse-engineering/binary-analysis/ghidra-function-name-table-2026-08-17.tsv;reverse-engineering/binary-analysis/function-c1-closure-2026-08-11.tsv;reverse-engineering/source-crosswalk/audit/REPORT.md;reverse-engineering/binary-analysis/ghidra-fullpass-findings/W007/primary/A07.md	A named retail entry with matching owner/alias, signature, target branch, ABI, and body/field behavior.	USE_CONSUMER_SCOPED_ORDERED_MANAGED_COLLECTION; no raw pointer pool	SOURCE_ONLY_BOUNDED_NO_MATCH	SPtrSet.h:77:SPtrSet::DeleteAll:DeleteAll()
SPtrSet.h	78	SPtrSet::Contains	Contains(T* ptr)	SPtrSet	references/Onslaught/SPtrSet.h:78	all template instantiations	Forward pointer membership test to the generic set.	GenericSPtrSet::Contains	None.	CANDIDATE_UNRESOLVED			reverse-engineering/binary-analysis/ghidra-fullpass-findings/W007/primary/A07.md;reverse-engineering/binary-analysis/ghidra-fullpass-findings/W007/adversarial/B07.md;reverse-engineering/binary-analysis/ghidra-function-name-table-2026-08-17.tsv;reverse-engineering/binary-analysis/function-c1-closure-2026-08-11.tsv	Template-instantiation or source-coordinate evidence that uniquely distinguishes this inline typed forwarder from candidate generic body CSPtrSet__Contains at 0x004e5c30.	USE_CONSUMER_SCOPED_ORDERED_MANAGED_COLLECTION; no raw pointer pool	AMBIGUOUS_OVERLOAD_MACRO_NONFUNCTION	SPtrSet.h:78:SPtrSet::Contains:Contains(T* ptr)
SPtrSet.h	79	SPtrSet::Size	Size()	SPtrSet	references/Onslaught/SPtrSet.h:79	all template instantiations	Forward entry-count query to the generic set.	GenericSPtrSet::Size	None.	NO_MATCH_FOUND			reverse-engineering/binary-analysis/ghidra-function-name-table-2026-08-17.tsv;reverse-engineering/binary-analysis/function-c1-closure-2026-08-11.tsv;reverse-engineering/source-crosswalk/audit/REPORT.md;reverse-engineering/binary-analysis/ghidra-fullpass-findings/W007/primary/A07.md	A named retail entry with matching owner/alias, signature, target branch, ABI, and body/field behavior.	USE_CONSUMER_SCOPED_ORDERED_MANAGED_COLLECTION; no raw pointer pool	SOURCE_ONLY_BOUNDED_NO_MATCH	SPtrSet.h:79:SPtrSet::Size:Size()
SPtrSet.h	80	SPtrSet::At	* At(int val)	SPtrSet	references/Onslaught/SPtrSet.h:80	all template instantiations	Forward indexed traversal and cast the returned pointer.	GenericSPtrSet::At	None.	CANDIDATE_UNRESOLVED			reverse-engineering/binary-analysis/ghidra-fullpass-findings/W007/primary/A07.md;reverse-engineering/binary-analysis/ghidra-fullpass-findings/W007/adversarial/B07.md;reverse-engineering/binary-analysis/ghidra-function-name-table-2026-08-17.tsv;reverse-engineering/binary-analysis/function-c1-closure-2026-08-11.tsv	Template-instantiation or source-coordinate evidence that uniquely distinguishes this inline typed forwarder from candidate generic body CSPtrSet__At at 0x004e5c90.	USE_CONSUMER_SCOPED_ORDERED_MANAGED_COLLECTION; no raw pointer pool	AMBIGUOUS_OVERLOAD_MACRO_NONFUNCTION	SPtrSet.h:80:SPtrSet::At:* At(int val)
SPtrSet.h	81	SPtrSet::First	* First()	SPtrSet	references/Onslaught/SPtrSet.h:81	all template instantiations	Forward internal-iterator reset and cast the first pointer.	GenericSPtrSet::First	Mutates base iterator state.	CANDIDATE_UNRESOLVED			reverse-engineering/binary-analysis/ghidra-fullpass-findings/W001/primary/A06.md;reverse-engineering/binary-analysis/ghidra-fullpass-findings/W001/adversarial/B06.md;reverse-engineering/binary-analysis/ghidra-function-name-table-2026-08-17.tsv;reverse-engineering/binary-analysis/function-c1-closure-2026-08-11.tsv	Template-instantiation or source-coordinate evidence that uniquely distinguishes this inline typed forwarder from candidate generic body CSPtrSet__First at 0x00406d20.	USE_CONSUMER_SCOPED_ORDERED_MANAGED_COLLECTION; no raw pointer pool	AMBIGUOUS_OVERLOAD_MACRO_NONFUNCTION	SPtrSet.h:81:SPtrSet::First:* First()
SPtrSet.h	82	SPtrSet::Next	* Next()	SPtrSet	references/Onslaught/SPtrSet.h:82	all template instantiations	Forward internal-iterator advance and cast the next pointer.	GenericSPtrSet::Next	Mutates base iterator state.	CANDIDATE_UNRESOLVED			reverse-engineering/binary-analysis/ghidra-fullpass-findings/W001/primary/A06.md;reverse-engineering/binary-analysis/ghidra-fullpass-findings/W001/adversarial/B06.md;reverse-engineering/binary-analysis/ghidra-function-name-table-2026-08-17.tsv;reverse-engineering/binary-analysis/function-c1-closure-2026-08-11.tsv	Template-instantiation or source-coordinate evidence that uniquely distinguishes this inline typed forwarder from candidate generic body CSPtrSet__Next at 0x00406d30.	USE_CONSUMER_SCOPED_ORDERED_MANAGED_COLLECTION; no raw pointer pool	AMBIGUOUS_OVERLOAD_MACRO_NONFUNCTION	SPtrSet.h:82:SPtrSet::Next:* Next()
SPtrSet.h	83	SPtrSet::Last	* Last()	SPtrSet	references/Onslaught/SPtrSet.h:83	all template instantiations	Forward and cast the last pointer.	GenericSPtrSet::Last	None; empty set would fault.	NO_MATCH_FOUND			reverse-engineering/binary-analysis/ghidra-function-name-table-2026-08-17.tsv;reverse-engineering/binary-analysis/function-c1-closure-2026-08-11.tsv;reverse-engineering/source-crosswalk/audit/REPORT.md;reverse-engineering/binary-analysis/ghidra-fullpass-findings/W007/primary/A07.md	A named retail entry with matching owner/alias, signature, target branch, ABI, and body/field behavior.	USE_CONSUMER_SCOPED_ORDERED_MANAGED_COLLECTION; no raw pointer pool	SOURCE_ONLY_BOUNDED_NO_MATCH	SPtrSet.h:83:SPtrSet::Last:* Last()
SPtrSet.h	93	GenericListIterator::GenericListIterator	GenericListIterator(GenericSPtrSet* list)	GenericListIterator	references/Onslaught/SPtrSet.h:93	all targets	Bind an external iterator to one generic pointer set.	mForList=list	Initializes iterator owner.	NO_MATCH_FOUND			reverse-engineering/binary-analysis/ghidra-function-name-table-2026-08-17.tsv;reverse-engineering/binary-analysis/function-c1-closure-2026-08-11.tsv;reverse-engineering/source-crosswalk/audit/REPORT.md;reverse-engineering/binary-analysis/ghidra-fullpass-findings/W007/primary/A07.md	A named retail entry with matching owner/alias, signature, target branch, ABI, and body/field behavior.	USE_CONSUMER_SCOPED_ORDERED_MANAGED_COLLECTION; no raw pointer pool	SOURCE_ONLY_BOUNDED_NO_MATCH	SPtrSet.h:93:GenericListIterator::GenericListIterator:GenericListIterator(GenericSPtrSet* list)
SPtrSet.h	94	GenericListIterator::First	* First()	GenericListIterator	references/Onslaught/SPtrSet.h:94	all targets	Set external cursor to the owner's head and return its item, or null.	mCurrent; mForList->mFirst	Mutates external cursor state.	NO_MATCH_FOUND			reverse-engineering/binary-analysis/ghidra-function-name-table-2026-08-17.tsv;reverse-engineering/binary-analysis/function-c1-closure-2026-08-11.tsv;reverse-engineering/source-crosswalk/audit/REPORT.md;reverse-engineering/binary-analysis/ghidra-fullpass-findings/W007/primary/A07.md	A named retail entry with matching owner/alias, signature, target branch, ABI, and body/field behavior.	USE_CONSUMER_SCOPED_ORDERED_MANAGED_COLLECTION; no raw pointer pool	SOURCE_ONLY_BOUNDED_NO_MATCH	SPtrSet.h:94:GenericListIterator::First:* First()
SPtrSet.h	95	GenericListIterator::Next	* Next()	GenericListIterator	references/Onslaught/SPtrSet.h:95	all targets	Advance external cursor and return its item, or null.	mCurrent->mNext	Mutates external cursor state.	NO_MATCH_FOUND			reverse-engineering/binary-analysis/ghidra-function-name-table-2026-08-17.tsv;reverse-engineering/binary-analysis/function-c1-closure-2026-08-11.tsv;reverse-engineering/source-crosswalk/audit/REPORT.md;reverse-engineering/binary-analysis/ghidra-fullpass-findings/W007/primary/A07.md	A named retail entry with matching owner/alias, signature, target branch, ABI, and body/field behavior.	USE_CONSUMER_SCOPED_ORDERED_MANAGED_COLLECTION; no raw pointer pool	SOURCE_ONLY_BOUNDED_NO_MATCH	SPtrSet.h:95:GenericListIterator::Next:* Next()
SPtrSet.h	106	ListIterator::ListIterator	ListIterator(SPtrSet<T>* list)	ListIterator	references/Onslaught/SPtrSet.h:106	all template instantiations	Construct a typed external iterator over the generic base set.	GenericListIterator base	Initializes iterator owner.	NO_MATCH_FOUND			reverse-engineering/binary-analysis/ghidra-function-name-table-2026-08-17.tsv;reverse-engineering/binary-analysis/function-c1-closure-2026-08-11.tsv;reverse-engineering/source-crosswalk/audit/REPORT.md;reverse-engineering/binary-analysis/ghidra-fullpass-findings/W007/primary/A07.md	A named retail entry with matching owner/alias, signature, target branch, ABI, and body/field behavior.	USE_CONSUMER_SCOPED_ORDERED_MANAGED_COLLECTION; no raw pointer pool	SOURCE_ONLY_BOUNDED_NO_MATCH	SPtrSet.h:106:ListIterator::ListIterator:ListIterator(SPtrSet<T>* list)
SPtrSet.h	107	ListIterator::First	* First()	ListIterator	references/Onslaught/SPtrSet.h:107	all template instantiations	Forward external cursor reset and cast the first pointer.	GenericListIterator::First	Mutates external cursor state.	NO_MATCH_FOUND			reverse-engineering/binary-analysis/ghidra-function-name-table-2026-08-17.tsv;reverse-engineering/binary-analysis/function-c1-closure-2026-08-11.tsv;reverse-engineering/source-crosswalk/audit/REPORT.md;reverse-engineering/binary-analysis/ghidra-fullpass-findings/W007/primary/A07.md	A named retail entry with matching owner/alias, signature, target branch, ABI, and body/field behavior.	USE_CONSUMER_SCOPED_ORDERED_MANAGED_COLLECTION; no raw pointer pool	SOURCE_ONLY_BOUNDED_NO_MATCH	SPtrSet.h:107:ListIterator::First:* First()
SPtrSet.h	108	ListIterator::Next	*      Next()	ListIterator	references/Onslaught/SPtrSet.h:108	all template instantiations	Forward external cursor advance and cast the next pointer.	GenericListIterator::Next	Mutates external cursor state.	NO_MATCH_FOUND			reverse-engineering/binary-analysis/ghidra-function-name-table-2026-08-17.tsv;reverse-engineering/binary-analysis/function-c1-closure-2026-08-11.tsv;reverse-engineering/source-crosswalk/audit/REPORT.md;reverse-engineering/binary-analysis/ghidra-fullpass-findings/W007/primary/A07.md	A named retail entry with matching owner/alias, signature, target branch, ABI, and body/field behavior.	USE_CONSUMER_SCOPED_ORDERED_MANAGED_COLLECTION; no raw pointer pool	SOURCE_ONLY_BOUNDED_NO_MATCH	SPtrSet.h:108:ListIterator::Next:*      Next()
