source_file	source_line	function	signature	delta_status	retail_classification	retail_va_or_empty	retail_name_or_empty	retail_evidence	retail_observation	divergence_or_unresolved	falsifier	stable_key
Array.h	15	CArray::CArray	CArray(int sz)	RETAIL_UNRESOLVED	NO_MATCH_FOUND			reverse-engineering/binary-analysis/ghidra-function-name-table-2026-08-17.tsv;reverse-engineering/binary-analysis/function-c1-closure-2026-08-11.tsv;reverse-engineering/source-crosswalk/audit/REPORT.md	The bounded search does not support a unique released body for this exact overload, target branch, operator, or destructor identity.	Same file/function label has multiple line/signature definitions; do not collapse overloads or conditional bodies.	A named retail entry with matching owner/alias, signature, target branch, ABI, and body/field behavior.	Array.h:15:CArray::CArray:CArray(int sz)
Array.h	16	CArray::~dtor	~CArray()	RETAIL_UNRESOLVED	NO_MATCH_FOUND			reverse-engineering/binary-analysis/ghidra-function-name-table-2026-08-17.tsv;reverse-engineering/binary-analysis/function-c1-closure-2026-08-11.tsv;reverse-engineering/source-crosswalk/audit/REPORT.md	The bounded search does not support a unique released body for this exact overload, target branch, operator, or destructor identity.	Same file/function label has multiple line/signature definitions; do not collapse overloads or conditional bodies.	A named retail entry with matching owner/alias, signature, target branch, ABI, and body/field behavior.	Array.h:16:CArray::~dtor:~CArray()
Array.h	18	CArray::CArray	CArray(int sz)	RETAIL_UNRESOLVED	NO_MATCH_FOUND			reverse-engineering/binary-analysis/ghidra-function-name-table-2026-08-17.tsv;reverse-engineering/binary-analysis/function-c1-closure-2026-08-11.tsv;reverse-engineering/source-crosswalk/audit/REPORT.md	The bounded search does not support a unique released body for this exact overload, target branch, operator, or destructor identity.	Same file/function label has multiple line/signature definitions; do not collapse overloads or conditional bodies.	A named retail entry with matching owner/alias, signature, target branch, ABI, and body/field behavior.	Array.h:18:CArray::CArray:CArray(int sz)
Array.h	19	CArray::~dtor	~CArray()	RETAIL_UNRESOLVED	NO_MATCH_FOUND			reverse-engineering/binary-analysis/ghidra-function-name-table-2026-08-17.tsv;reverse-engineering/binary-analysis/function-c1-closure-2026-08-11.tsv;reverse-engineering/source-crosswalk/audit/REPORT.md	The bounded search does not support a unique released body for this exact overload, target branch, operator, or destructor identity.	Same file/function label has multiple line/signature definitions; do not collapse overloads or conditional bodies.	A named retail entry with matching owner/alias, signature, target branch, ABI, and body/field behavior.	Array.h:19:CArray::~dtor:~CArray()
Array.h	21	CArray::operator=	& operator =(CArray<T>& copy)	RETAIL_UNRESOLVED	NO_MATCH_FOUND			reverse-engineering/binary-analysis/ghidra-function-name-table-2026-08-17.tsv;reverse-engineering/binary-analysis/function-c1-closure-2026-08-11.tsv;reverse-engineering/source-crosswalk/audit/REPORT.md	The bounded search does not support a unique released body for this exact overload, target branch, operator, or destructor identity.	Operator punctuation/signature must remain line-distinct; alphanumeric normalization can collapse different operators.	A named retail entry with matching owner/alias, signature, target branch, ABI, and body/field behavior.	Array.h:21:CArray::operator=:& operator =(CArray<T>& copy)
Array.h	22	CArray::SetAll	SetAll(T val)	SOURCE_ONLY	NO_MATCH_FOUND			reverse-engineering/binary-analysis/ghidra-function-name-table-2026-08-17.tsv;reverse-engineering/binary-analysis/function-c1-closure-2026-08-11.tsv;reverse-engineering/source-crosswalk/audit/REPORT.md	No distinct named retail body survives the bounded current-name, closure, semantic-table, and owner-alias search for this exact line/signature.	The body may be inlined, folded, uninstantiated, renamed, or absent; binary absence is not claimed.	A named retail entry with matching owner/alias, signature, target branch, ABI, and body/field behavior.	Array.h:22:CArray::SetAll:SetAll(T val)
Array.h	23	CArray::Size	Size()	SOURCE_ONLY	NO_MATCH_FOUND			reverse-engineering/binary-analysis/ghidra-function-name-table-2026-08-17.tsv;reverse-engineering/binary-analysis/function-c1-closure-2026-08-11.tsv;reverse-engineering/source-crosswalk/audit/REPORT.md	No distinct named retail body survives the bounded current-name, closure, semantic-table, and owner-alias search for this exact line/signature.	The body may be inlined, folded, uninstantiated, renamed, or absent; binary absence is not claimed.	A named retail entry with matching owner/alias, signature, target branch, ABI, and body/field behavior.	Array.h:23:CArray::Size:Size()
Array.h	27	CArray::ReSize	ReSize(int size)	RETAIL_UNRESOLVED	NO_MATCH_FOUND			reverse-engineering/binary-analysis/ghidra-function-name-table-2026-08-17.tsv;reverse-engineering/binary-analysis/function-c1-closure-2026-08-11.tsv;reverse-engineering/source-crosswalk/audit/REPORT.md	The bounded search does not support a unique released body for this exact overload, target branch, operator, or destructor identity.	Same file/function label has multiple line/signature definitions; do not collapse overloads or conditional bodies.	A named retail entry with matching owner/alias, signature, target branch, ABI, and body/field behavior.	Array.h:27:CArray::ReSize:ReSize(int size)
Array.h	29	CArray::ReSize	ReSize(int size)	RETAIL_UNRESOLVED	NO_MATCH_FOUND			reverse-engineering/binary-analysis/ghidra-function-name-table-2026-08-17.tsv;reverse-engineering/binary-analysis/function-c1-closure-2026-08-11.tsv;reverse-engineering/source-crosswalk/audit/REPORT.md	The bounded search does not support a unique released body for this exact overload, target branch, operator, or destructor identity.	Same file/function label has multiple line/signature definitions; do not collapse overloads or conditional bodies.	A named retail entry with matching owner/alias, signature, target branch, ABI, and body/field behavior.	Array.h:29:CArray::ReSize:ReSize(int size)
Array.h	32	CArray::ReSize	ReSize(int size)	RETAIL_UNRESOLVED	NO_MATCH_FOUND			reverse-engineering/binary-analysis/ghidra-function-name-table-2026-08-17.tsv;reverse-engineering/binary-analysis/function-c1-closure-2026-08-11.tsv;reverse-engineering/source-crosswalk/audit/REPORT.md	The bounded search does not support a unique released body for this exact overload, target branch, operator, or destructor identity.	Same file/function label has multiple line/signature definitions; do not collapse overloads or conditional bodies.	A named retail entry with matching owner/alias, signature, target branch, ABI, and body/field behavior.	Array.h:32:CArray::ReSize:ReSize(int size)
Array.h	35	CArray::ReSize	ReSize(int size)	RETAIL_UNRESOLVED	NO_MATCH_FOUND			reverse-engineering/binary-analysis/ghidra-function-name-table-2026-08-17.tsv;reverse-engineering/binary-analysis/function-c1-closure-2026-08-11.tsv;reverse-engineering/source-crosswalk/audit/REPORT.md	The bounded search does not support a unique released body for this exact overload, target branch, operator, or destructor identity.	Same file/function label has multiple line/signature definitions; do not collapse overloads or conditional bodies.	A named retail entry with matching owner/alias, signature, target branch, ABI, and body/field behavior.	Array.h:35:CArray::ReSize:ReSize(int size)
Array.h	43	CArray::operator[]	& operator [] (int item)	RETAIL_UNRESOLVED	NO_MATCH_FOUND			reverse-engineering/binary-analysis/ghidra-function-name-table-2026-08-17.tsv;reverse-engineering/binary-analysis/function-c1-closure-2026-08-11.tsv;reverse-engineering/source-crosswalk/audit/REPORT.md	The bounded search does not support a unique released body for this exact overload, target branch, operator, or destructor identity.	Operator punctuation/signature must remain line-distinct; alphanumeric normalization can collapse different operators.	A named retail entry with matching owner/alias, signature, target branch, ABI, and body/field behavior.	Array.h:43:CArray::operator[]:& operator [] (int item)
Array.h	58	CSArray::operator=	& operator =(CSArray<T, size>& copy)	RETAIL_UNRESOLVED	NO_MATCH_FOUND			reverse-engineering/binary-analysis/ghidra-function-name-table-2026-08-17.tsv;reverse-engineering/binary-analysis/function-c1-closure-2026-08-11.tsv;reverse-engineering/source-crosswalk/audit/REPORT.md	The bounded search does not support a unique released body for this exact overload, target branch, operator, or destructor identity.	Operator punctuation/signature must remain line-distinct; alphanumeric normalization can collapse different operators.	A named retail entry with matching owner/alias, signature, target branch, ABI, and body/field behavior.	Array.h:58:CSArray::operator=:& operator =(CSArray<T, size>& copy)
Array.h	59	CSArray::SetAll	SetAll(T val)	SOURCE_ONLY	NO_MATCH_FOUND			reverse-engineering/binary-analysis/ghidra-function-name-table-2026-08-17.tsv;reverse-engineering/binary-analysis/function-c1-closure-2026-08-11.tsv;reverse-engineering/source-crosswalk/audit/REPORT.md	No distinct named retail body survives the bounded current-name, closure, semantic-table, and owner-alias search for this exact line/signature.	The body may be inlined, folded, uninstantiated, renamed, or absent; binary absence is not claimed.	A named retail entry with matching owner/alias, signature, target branch, ABI, and body/field behavior.	Array.h:59:CSArray::SetAll:SetAll(T val)
Array.h	60	CSArray::Size	Size()	SOURCE_ONLY	NO_MATCH_FOUND			reverse-engineering/binary-analysis/ghidra-function-name-table-2026-08-17.tsv;reverse-engineering/binary-analysis/function-c1-closure-2026-08-11.tsv;reverse-engineering/source-crosswalk/audit/REPORT.md	No distinct named retail body survives the bounded current-name, closure, semantic-table, and owner-alias search for this exact line/signature.	The body may be inlined, folded, uninstantiated, renamed, or absent; binary absence is not claimed.	A named retail entry with matching owner/alias, signature, target branch, ABI, and body/field behavior.	Array.h:60:CSArray::Size:Size()
Array.h	65	CSArray::operator[]	& operator [] (int item)	RETAIL_UNRESOLVED	NO_MATCH_FOUND			reverse-engineering/binary-analysis/ghidra-function-name-table-2026-08-17.tsv;reverse-engineering/binary-analysis/function-c1-closure-2026-08-11.tsv;reverse-engineering/source-crosswalk/audit/REPORT.md	The bounded search does not support a unique released body for this exact overload, target branch, operator, or destructor identity.	Operator punctuation/signature must remain line-distinct; alphanumeric normalization can collapse different operators.	A named retail entry with matching owner/alias, signature, target branch, ABI, and body/field behavior.	Array.h:65:CSArray::operator[]:& operator [] (int item)
Array.h	78	COSet::COSet	COSet(int initial_size = 1)	SOURCE_ONLY	NO_MATCH_FOUND			reverse-engineering/binary-analysis/ghidra-function-name-table-2026-08-17.tsv;reverse-engineering/binary-analysis/function-c1-closure-2026-08-11.tsv;reverse-engineering/source-crosswalk/audit/REPORT.md	No distinct named retail body survives the bounded current-name, closure, semantic-table, and owner-alias search for this exact line/signature.	The body may be inlined, folded, uninstantiated, renamed, or absent; binary absence is not claimed.	A named retail entry with matching owner/alias, signature, target branch, ABI, and body/field behavior.	Array.h:78:COSet::COSet:COSet(int initial_size = 1)
Array.h	79	COSet::operator=	& operator =(COSet<T>& copy)	RETAIL_UNRESOLVED	NO_MATCH_FOUND			reverse-engineering/binary-analysis/ghidra-function-name-table-2026-08-17.tsv;reverse-engineering/binary-analysis/function-c1-closure-2026-08-11.tsv;reverse-engineering/source-crosswalk/audit/REPORT.md	The bounded search does not support a unique released body for this exact overload, target branch, operator, or destructor identity.	Operator punctuation/signature must remain line-distinct; alphanumeric normalization can collapse different operators.	A named retail entry with matching owner/alias, signature, target branch, ABI, and body/field behavior.	Array.h:79:COSet::operator=:& operator =(COSet<T>& copy)
Array.h	80	COSet::Add	Add(const T& item)	SOURCE_ONLY	NO_MATCH_FOUND			reverse-engineering/binary-analysis/ghidra-function-name-table-2026-08-17.tsv;reverse-engineering/binary-analysis/function-c1-closure-2026-08-11.tsv;reverse-engineering/source-crosswalk/audit/REPORT.md	No distinct named retail body survives the bounded current-name, closure, semantic-table, and owner-alias search for this exact line/signature.	The body may be inlined, folded, uninstantiated, renamed, or absent; binary absence is not claimed.	A named retail entry with matching owner/alias, signature, target branch, ABI, and body/field behavior.	Array.h:80:COSet::Add:Add(const T& item)
Array.h	81	COSet::First	* First()	SOURCE_ONLY	NO_MATCH_FOUND			reverse-engineering/binary-analysis/ghidra-function-name-table-2026-08-17.tsv;reverse-engineering/binary-analysis/function-c1-closure-2026-08-11.tsv;reverse-engineering/source-crosswalk/audit/REPORT.md	No distinct named retail body survives the bounded current-name, closure, semantic-table, and owner-alias search for this exact line/signature.	The body may be inlined, folded, uninstantiated, renamed, or absent; binary absence is not claimed.	A named retail entry with matching owner/alias, signature, target branch, ABI, and body/field behavior.	Array.h:81:COSet::First:* First()
Array.h	82	COSet::Next	* Next()	SOURCE_ONLY	NO_MATCH_FOUND			reverse-engineering/binary-analysis/ghidra-function-name-table-2026-08-17.tsv;reverse-engineering/binary-analysis/function-c1-closure-2026-08-11.tsv;reverse-engineering/source-crosswalk/audit/REPORT.md	No distinct named retail body survives the bounded current-name, closure, semantic-table, and owner-alias search for this exact line/signature.	The body may be inlined, folded, uninstantiated, renamed, or absent; binary absence is not claimed.	A named retail entry with matching owner/alias, signature, target branch, ABI, and body/field behavior.	Array.h:82:COSet::Next:* Next()
Array.h	83	COSet::Finalise	Finalise()	SOURCE_ONLY	NO_MATCH_FOUND			reverse-engineering/binary-analysis/ghidra-function-name-table-2026-08-17.tsv;reverse-engineering/binary-analysis/function-c1-closure-2026-08-11.tsv;reverse-engineering/source-crosswalk/audit/REPORT.md	No distinct named retail body survives the bounded current-name, closure, semantic-table, and owner-alias search for this exact line/signature.	The body may be inlined, folded, uninstantiated, renamed, or absent; binary absence is not claimed.	A named retail entry with matching owner/alias, signature, target branch, ABI, and body/field behavior.	Array.h:83:COSet::Finalise:Finalise()
Array.h	84	COSet::Size	Size()	SOURCE_ONLY	NO_MATCH_FOUND			reverse-engineering/binary-analysis/ghidra-function-name-table-2026-08-17.tsv;reverse-engineering/binary-analysis/function-c1-closure-2026-08-11.tsv;reverse-engineering/source-crosswalk/audit/REPORT.md	No distinct named retail body survives the bounded current-name, closure, semantic-table, and owner-alias search for this exact line/signature.	The body may be inlined, folded, uninstantiated, renamed, or absent; binary absence is not claimed.	A named retail entry with matching owner/alias, signature, target branch, ABI, and body/field behavior.	Array.h:84:COSet::Size:Size()
chunker.h	30	CChunker::WhereAmI	WhereAmI()	SOURCE_ONLY	NO_MATCH_FOUND			reverse-engineering/binary-analysis/ghidra-function-name-table-2026-08-17.tsv;reverse-engineering/binary-analysis/function-c1-closure-2026-08-11.tsv;reverse-engineering/source-crosswalk/audit/REPORT.md	No distinct named retail body survives the bounded current-name, closure, semantic-table, and owner-alias search for this exact line/signature.	The body may be inlined, folded, uninstantiated, renamed, or absent; binary absence is not claimed.	A named retail entry with matching owner/alias, signature, target branch, ABI, and body/field behavior.	chunker.h:30:CChunker::WhereAmI:WhereAmI()
chunker.h	48	CChunkReader::GetSize	GetSize()	SOURCE_ONLY	NO_MATCH_FOUND			reverse-engineering/binary-analysis/ghidra-function-name-table-2026-08-17.tsv;reverse-engineering/binary-analysis/function-c1-closure-2026-08-11.tsv;reverse-engineering/source-crosswalk/audit/REPORT.md	No distinct named retail body survives the bounded current-name, closure, semantic-table, and owner-alias search for this exact line/signature.	The body may be inlined, folded, uninstantiated, renamed, or absent; binary absence is not claimed.	A named retail entry with matching owner/alias, signature, target branch, ABI, and body/field behavior.	chunker.h:48:CChunkReader::GetSize:GetSize()
chunker.h	50	CChunkReader::GetMemBuffer	*GetMemBuffer()	SOURCE_ONLY	NO_MATCH_FOUND			reverse-engineering/binary-analysis/ghidra-function-name-table-2026-08-17.tsv;reverse-engineering/binary-analysis/function-c1-closure-2026-08-11.tsv;reverse-engineering/source-crosswalk/audit/REPORT.md	No distinct named retail body survives the bounded current-name, closure, semantic-table, and owner-alias search for this exact line/signature.	The body may be inlined, folded, uninstantiated, renamed, or absent; binary absence is not claimed.	A named retail entry with matching owner/alias, signature, target branch, ABI, and body/field behavior.	chunker.h:50:CChunkReader::GetMemBuffer:*GetMemBuffer()
CLIParams.h	8	CCLIParams::~dtor	~CCLIParams()	RETAIL_UNRESOLVED	NO_MATCH_FOUND			reverse-engineering/binary-analysis/ghidra-function-name-table-2026-08-17.tsv;reverse-engineering/binary-analysis/function-c1-closure-2026-08-11.tsv;reverse-engineering/source-crosswalk/audit/REPORT.md	The bounded search does not support a unique released body for this exact overload, target branch, operator, or destructor identity.	Destructor body versus scalar/vector deleting wrapper is unresolved; wrapper spelling alone cannot prove the source destructor.	A named retail entry with matching owner/alias, signature, target branch, ABI, and body/field behavior.	CLIParams.h:8:CCLIParams::~dtor:~CCLIParams()
DXMemBuffer.h	41	CDXMemBuffer::IsMoreData	IsMoreData()	SOURCE_ONLY	NO_MATCH_FOUND			reverse-engineering/binary-analysis/ghidra-function-name-table-2026-08-17.tsv;reverse-engineering/binary-analysis/function-c1-closure-2026-08-11.tsv;reverse-engineering/source-crosswalk/audit/REPORT.md;reverse-engineering/binary-analysis/pc-memory-io-semantics-2026-08-11.tsv	No distinct named retail body survives the bounded current-name, closure, semantic-table, and owner-alias search for this exact line/signature.	The body may be inlined, folded, uninstantiated, renamed, or absent; binary absence is not claimed.	A named retail entry with matching owner/alias, signature, target branch, ABI, and body/field behavior.	DXMemBuffer.h:41:CDXMemBuffer::IsMoreData:IsMoreData()
DXMemBuffer.h	45	CDXMemBuffer::GetData	*GetData()	SOURCE_ONLY	NO_MATCH_FOUND			reverse-engineering/binary-analysis/ghidra-function-name-table-2026-08-17.tsv;reverse-engineering/binary-analysis/function-c1-closure-2026-08-11.tsv;reverse-engineering/source-crosswalk/audit/REPORT.md;reverse-engineering/binary-analysis/pc-memory-io-semantics-2026-08-11.tsv	No distinct named retail body survives the bounded current-name, closure, semantic-table, and owner-alias search for this exact line/signature.	The body may be inlined, folded, uninstantiated, renamed, or absent; binary absence is not claimed.	A named retail entry with matching owner/alias, signature, target branch, ABI, and body/field behavior.	DXMemBuffer.h:45:CDXMemBuffer::GetData:*GetData()
DXMemBuffer.h	51	CDXMemBuffer::WhereAmI	WhereAmI()	SOURCE_ONLY	NO_MATCH_FOUND			reverse-engineering/binary-analysis/ghidra-function-name-table-2026-08-17.tsv;reverse-engineering/binary-analysis/function-c1-closure-2026-08-11.tsv;reverse-engineering/source-crosswalk/audit/REPORT.md;reverse-engineering/binary-analysis/pc-memory-io-semantics-2026-08-11.tsv	No distinct named retail body survives the bounded current-name, closure, semantic-table, and owner-alias search for this exact line/signature.	The body may be inlined, folded, uninstantiated, renamed, or absent; binary absence is not claimed.	A named retail entry with matching owner/alias, signature, target branch, ABI, and body/field behavior.	DXMemBuffer.h:51:CDXMemBuffer::WhereAmI:WhereAmI()
DXMemoryManager.cpp	65	CDXMemoryManager::Init	CDXMemoryManager::Init(UINT aSize, UINT aTexDataSize, UINT aVBDataSize)	NOT_SELECTED_TARGET	NOT_IN_RETAIL			reverse-engineering/binary-analysis/pc-memory-io-semantics-2026-08-11.tsv;reverse-engineering/binary-analysis/pc-memory-io-semantics-2026-08-11.md	Released PC selects the one-argument manager initialization and omits Xbox texture/VB heap state from the recovered PC bodies.	Console behavior remains outside this PC receipt.	A pristine-PC body/callsite that selects this exact branch and signature.	DXMemoryManager.cpp:65:CDXMemoryManager::Init:CDXMemoryManager::Init(UINT aSize, UINT aTexDataSize, UINT aVBDataSize)
DXMemoryManager.h	34	CDXMemoryManager::SetMerge	SetMerge( BOOL aMerge )	SOURCE_ONLY	NO_MATCH_FOUND			reverse-engineering/binary-analysis/ghidra-function-name-table-2026-08-17.tsv;reverse-engineering/binary-analysis/function-c1-closure-2026-08-11.tsv;reverse-engineering/source-crosswalk/audit/REPORT.md;reverse-engineering/binary-analysis/pc-memory-io-semantics-2026-08-11.tsv	No distinct named retail body survives the bounded current-name, closure, semantic-table, and owner-alias search for this exact line/signature.	The body may be inlined, folded, uninstantiated, renamed, or absent; binary absence is not claimed.	A named retail entry with matching owner/alias, signature, target branch, ABI, and body/field behavior.	DXMemoryManager.h:34:CDXMemoryManager::SetMerge:SetMerge( BOOL aMerge )
DXMemoryManager.h	69	CDXMemoryManager::GetDefaultHeapSize	GetDefaultHeapSize()	SOURCE_ONLY	NO_MATCH_FOUND			reverse-engineering/binary-analysis/ghidra-function-name-table-2026-08-17.tsv;reverse-engineering/binary-analysis/function-c1-closure-2026-08-11.tsv;reverse-engineering/source-crosswalk/audit/REPORT.md;reverse-engineering/binary-analysis/pc-memory-io-semantics-2026-08-11.tsv	No distinct named retail body survives the bounded current-name, closure, semantic-table, and owner-alias search for this exact line/signature.	The body may be inlined, folded, uninstantiated, renamed, or absent; binary absence is not claimed.	A named retail entry with matching owner/alias, signature, target branch, ABI, and body/field behavior.	DXMemoryManager.h:69:CDXMemoryManager::GetDefaultHeapSize:GetDefaultHeapSize()
DXMemoryManager.h	70	CDXMemoryManager::GetDefaultUsedSize	GetDefaultUsedSize()	SOURCE_ONLY	NO_MATCH_FOUND			reverse-engineering/binary-analysis/ghidra-function-name-table-2026-08-17.tsv;reverse-engineering/binary-analysis/function-c1-closure-2026-08-11.tsv;reverse-engineering/source-crosswalk/audit/REPORT.md;reverse-engineering/binary-analysis/pc-memory-io-semantics-2026-08-11.tsv	No distinct named retail body survives the bounded current-name, closure, semantic-table, and owner-alias search for this exact line/signature.	The body may be inlined, folded, uninstantiated, renamed, or absent; binary absence is not claimed.	A named retail entry with matching owner/alias, signature, target branch, ABI, and body/field behavior.	DXMemoryManager.h:70:CDXMemoryManager::GetDefaultUsedSize:GetDefaultUsedSize()
DXMemoryManager.h	71	CDXMemoryManager::GetDefaultPeakSize	GetDefaultPeakSize()	SOURCE_ONLY	NO_MATCH_FOUND			reverse-engineering/binary-analysis/ghidra-function-name-table-2026-08-17.tsv;reverse-engineering/binary-analysis/function-c1-closure-2026-08-11.tsv;reverse-engineering/source-crosswalk/audit/REPORT.md;reverse-engineering/binary-analysis/pc-memory-io-semantics-2026-08-11.tsv	No distinct named retail body survives the bounded current-name, closure, semantic-table, and owner-alias search for this exact line/signature.	The body may be inlined, folded, uninstantiated, renamed, or absent; binary absence is not claimed.	A named retail entry with matching owner/alias, signature, target branch, ABI, and body/field behavior.	DXMemoryManager.h:71:CDXMemoryManager::GetDefaultPeakSize:GetDefaultPeakSize()
DXMemoryManager.h	73	CDXMemoryManager::GetTexDataHeapSize	GetTexDataHeapSize()	NOT_SELECTED_TARGET	NOT_IN_RETAIL			reverse-engineering/binary-analysis/pc-memory-io-semantics-2026-08-11.tsv;reverse-engineering/binary-analysis/pc-memory-io-semantics-2026-08-11.md	Released PC selects the one-argument manager initialization and omits Xbox texture/VB heap state from the recovered PC bodies.	Console behavior remains outside this PC receipt.	A pristine-PC body/callsite that selects this exact branch and signature.	DXMemoryManager.h:73:CDXMemoryManager::GetTexDataHeapSize:GetTexDataHeapSize()
DXMemoryManager.h	74	CDXMemoryManager::GetTexDataUsedSize	GetTexDataUsedSize()	NOT_SELECTED_TARGET	NOT_IN_RETAIL			reverse-engineering/binary-analysis/pc-memory-io-semantics-2026-08-11.tsv;reverse-engineering/binary-analysis/pc-memory-io-semantics-2026-08-11.md	Released PC selects the one-argument manager initialization and omits Xbox texture/VB heap state from the recovered PC bodies.	Console behavior remains outside this PC receipt.	A pristine-PC body/callsite that selects this exact branch and signature.	DXMemoryManager.h:74:CDXMemoryManager::GetTexDataUsedSize:GetTexDataUsedSize()
DXMemoryManager.h	75	CDXMemoryManager::GetTexDataPeakSize	GetTexDataPeakSize()	NOT_SELECTED_TARGET	NOT_IN_RETAIL			reverse-engineering/binary-analysis/pc-memory-io-semantics-2026-08-11.tsv;reverse-engineering/binary-analysis/pc-memory-io-semantics-2026-08-11.md	Released PC selects the one-argument manager initialization and omits Xbox texture/VB heap state from the recovered PC bodies.	Console behavior remains outside this PC receipt.	A pristine-PC body/callsite that selects this exact branch and signature.	DXMemoryManager.h:75:CDXMemoryManager::GetTexDataPeakSize:GetTexDataPeakSize()
DXMemoryManager.h	76	CDXMemoryManager::GetVBDataHeapSize	GetVBDataHeapSize()	NOT_SELECTED_TARGET	NOT_IN_RETAIL			reverse-engineering/binary-analysis/pc-memory-io-semantics-2026-08-11.tsv;reverse-engineering/binary-analysis/pc-memory-io-semantics-2026-08-11.md	Released PC selects the one-argument manager initialization and omits Xbox texture/VB heap state from the recovered PC bodies.	Console behavior remains outside this PC receipt.	A pristine-PC body/callsite that selects this exact branch and signature.	DXMemoryManager.h:76:CDXMemoryManager::GetVBDataHeapSize:GetVBDataHeapSize()
DXMemoryManager.h	77	CDXMemoryManager::GetVBDataUsedSize	GetVBDataUsedSize()	NOT_SELECTED_TARGET	NOT_IN_RETAIL			reverse-engineering/binary-analysis/pc-memory-io-semantics-2026-08-11.tsv;reverse-engineering/binary-analysis/pc-memory-io-semantics-2026-08-11.md	Released PC selects the one-argument manager initialization and omits Xbox texture/VB heap state from the recovered PC bodies.	Console behavior remains outside this PC receipt.	A pristine-PC body/callsite that selects this exact branch and signature.	DXMemoryManager.h:77:CDXMemoryManager::GetVBDataUsedSize:GetVBDataUsedSize()
DXMemoryManager.h	78	CDXMemoryManager::GetVBDataPeakSize	GetVBDataPeakSize()	NOT_SELECTED_TARGET	NOT_IN_RETAIL			reverse-engineering/binary-analysis/pc-memory-io-semantics-2026-08-11.tsv;reverse-engineering/binary-analysis/pc-memory-io-semantics-2026-08-11.md	Released PC selects the one-argument manager initialization and omits Xbox texture/VB heap state from the recovered PC bodies.	Console behavior remains outside this PC receipt.	A pristine-PC body/callsite that selects this exact branch and signature.	DXMemoryManager.h:78:CDXMemoryManager::GetVBDataPeakSize:GetVBDataPeakSize()
DXMemoryManager.h	82	CDXMemoryManager::GetDefaultHeap	*   GetDefaultHeap()	SOURCE_ONLY	NO_MATCH_FOUND			reverse-engineering/binary-analysis/ghidra-function-name-table-2026-08-17.tsv;reverse-engineering/binary-analysis/function-c1-closure-2026-08-11.tsv;reverse-engineering/source-crosswalk/audit/REPORT.md;reverse-engineering/binary-analysis/pc-memory-io-semantics-2026-08-11.tsv	No distinct named retail body survives the bounded current-name, closure, semantic-table, and owner-alias search for this exact line/signature.	The body may be inlined, folded, uninstantiated, renamed, or absent; binary absence is not claimed.	A named retail entry with matching owner/alias, signature, target branch, ABI, and body/field behavior.	DXMemoryManager.h:82:CDXMemoryManager::GetDefaultHeap:*   GetDefaultHeap()
DXMemoryManager.h	83	CDXMemoryManager::GetThingHeap	*   GetThingHeap()	SOURCE_ONLY	NO_MATCH_FOUND			reverse-engineering/binary-analysis/ghidra-function-name-table-2026-08-17.tsv;reverse-engineering/binary-analysis/function-c1-closure-2026-08-11.tsv;reverse-engineering/source-crosswalk/audit/REPORT.md;reverse-engineering/binary-analysis/pc-memory-io-semantics-2026-08-11.tsv	No distinct named retail body survives the bounded current-name, closure, semantic-table, and owner-alias search for this exact line/signature.	The body may be inlined, folded, uninstantiated, renamed, or absent; binary absence is not claimed.	A named retail entry with matching owner/alias, signature, target branch, ABI, and body/field behavior.	DXMemoryManager.h:83:CDXMemoryManager::GetThingHeap:*   GetThingHeap()
membuffer.h	15	IMemBuffer::Read	Read(void *data, SINT size)	SOURCE_ONLY	NO_MATCH_FOUND			reverse-engineering/binary-analysis/ghidra-function-name-table-2026-08-17.tsv;reverse-engineering/binary-analysis/function-c1-closure-2026-08-11.tsv;reverse-engineering/source-crosswalk/audit/REPORT.md	No distinct named retail body survives the bounded current-name, closure, semantic-table, and owner-alias search for this exact line/signature.	The body may be inlined, folded, uninstantiated, renamed, or absent; binary absence is not claimed.	A named retail entry with matching owner/alias, signature, target branch, ABI, and body/field behavior.	membuffer.h:15:IMemBuffer::Read:Read(void *data, SINT size)
membuffer.h	16	IMemBuffer::Write	Write(void *data, SINT size)	SOURCE_ONLY	NO_MATCH_FOUND			reverse-engineering/binary-analysis/ghidra-function-name-table-2026-08-17.tsv;reverse-engineering/binary-analysis/function-c1-closure-2026-08-11.tsv;reverse-engineering/source-crosswalk/audit/REPORT.md	No distinct named retail body survives the bounded current-name, closure, semantic-table, and owner-alias search for this exact line/signature.	The body may be inlined, folded, uninstantiated, renamed, or absent; binary absence is not claimed.	A named retail entry with matching owner/alias, signature, target branch, ABI, and body/field behavior.	membuffer.h:16:IMemBuffer::Write:Write(void *data, SINT size)
membuffer.h	18	IMemBuffer::DeclareInvalidData	DeclareInvalidData(CThing *t)	SOURCE_ONLY	NO_MATCH_FOUND			reverse-engineering/binary-analysis/ghidra-function-name-table-2026-08-17.tsv;reverse-engineering/binary-analysis/function-c1-closure-2026-08-11.tsv;reverse-engineering/source-crosswalk/audit/REPORT.md	No distinct named retail body survives the bounded current-name, closure, semantic-table, and owner-alias search for this exact line/signature.	The body may be inlined, folded, uninstantiated, renamed, or absent; binary absence is not claimed.	A named retail entry with matching owner/alias, signature, target branch, ABI, and body/field behavior.	membuffer.h:18:IMemBuffer::DeclareInvalidData:DeclareInvalidData(CThing *t)
MemoryManager.cpp	81	CMutexGrabber::~dtor	~CMutexGrabber()	RETAIL_UNRESOLVED	NO_MATCH_FOUND			reverse-engineering/binary-analysis/ghidra-function-name-table-2026-08-17.tsv;reverse-engineering/binary-analysis/function-c1-closure-2026-08-11.tsv;reverse-engineering/source-crosswalk/audit/REPORT.md;reverse-engineering/binary-analysis/pc-memory-io-semantics-2026-08-11.tsv	The bounded search does not support a unique released body for this exact overload, target branch, operator, or destructor identity.	Out-of-line source definition has no proven tracked analog; external static/ABI or runtime proof is required before a negative or VA assignment.	A named retail entry with matching owner/alias, signature, target branch, ABI, and body/field behavior.	MemoryManager.cpp:81:CMutexGrabber::~dtor:~CMutexGrabber()
MemoryManager.cpp	304	CMemoryHeap::Init	CMemoryHeap::Init( UINT aSize, UINT tinysize, char *name, BOOL bSupportSmallAllocs)	SOURCE_AGREES	SOURCE_ANALOG	0x004a13b0	CMemoryHeap__Init	reverse-engineering/binary-analysis/ghidra-fullpass-findings/W005/adversarial/B13.md;reverse-engineering/binary-analysis/ghidra-function-name-table-2026-08-17.tsv;reverse-engineering/binary-analysis/function-c1-closure-2026-08-11.tsv	Four-argument PC ABI and heap/tiny-chain/name/global-list/aligned-base shape agree; exact source-body identity is not claimed.	Agreement is bounded to the stated ABI/shape; byte equality and broader runtime behavior remain unproved.	A retail body, ABI, field order, or source-coordinate owner that contradicts the bounded source shape.	MemoryManager.cpp:304:CMemoryHeap::Init:CMemoryHeap::Init( UINT aSize, UINT tinysize, char *name, BOOL bSupportSmallAllocs)
MemoryManager.h	223	CMemoryBlock::GetSize	GetSize()	SOURCE_ONLY	NO_MATCH_FOUND			reverse-engineering/binary-analysis/ghidra-function-name-table-2026-08-17.tsv;reverse-engineering/binary-analysis/function-c1-closure-2026-08-11.tsv;reverse-engineering/source-crosswalk/audit/REPORT.md;reverse-engineering/binary-analysis/pc-memory-io-semantics-2026-08-11.tsv	No distinct named retail body survives the bounded current-name, closure, semantic-table, and owner-alias search for this exact line/signature.	The body may be inlined, folded, uninstantiated, renamed, or absent; binary absence is not claimed.	A named retail entry with matching owner/alias, signature, target branch, ABI, and body/field behavior.	MemoryManager.h:223:CMemoryBlock::GetSize:GetSize()
MemoryManager.h	224	CMemoryBlock::GetMem	* GetMem()	SOURCE_ONLY	NO_MATCH_FOUND			reverse-engineering/binary-analysis/ghidra-function-name-table-2026-08-17.tsv;reverse-engineering/binary-analysis/function-c1-closure-2026-08-11.tsv;reverse-engineering/source-crosswalk/audit/REPORT.md;reverse-engineering/binary-analysis/pc-memory-io-semantics-2026-08-11.tsv	No distinct named retail body survives the bounded current-name, closure, semantic-table, and owner-alias search for this exact line/signature.	The body may be inlined, folded, uninstantiated, renamed, or absent; binary absence is not claimed.	A named retail entry with matching owner/alias, signature, target branch, ABI, and body/field behavior.	MemoryManager.h:224:CMemoryBlock::GetMem:* GetMem()
MemoryManager.h	225	CMemoryBlock::GetType	GetType()	SOURCE_ONLY	NO_MATCH_FOUND			reverse-engineering/binary-analysis/ghidra-function-name-table-2026-08-17.tsv;reverse-engineering/binary-analysis/function-c1-closure-2026-08-11.tsv;reverse-engineering/source-crosswalk/audit/REPORT.md;reverse-engineering/binary-analysis/pc-memory-io-semantics-2026-08-11.tsv	No distinct named retail body survives the bounded current-name, closure, semantic-table, and owner-alias search for this exact line/signature.	The body may be inlined, folded, uninstantiated, renamed, or absent; binary absence is not claimed.	A named retail entry with matching owner/alias, signature, target branch, ABI, and body/field behavior.	MemoryManager.h:225:CMemoryBlock::GetType:GetType()
MemoryManager.h	226	CMemoryBlock::GetBlockSize	GetBlockSize()	SOURCE_ONLY	NO_MATCH_FOUND			reverse-engineering/binary-analysis/ghidra-function-name-table-2026-08-17.tsv;reverse-engineering/binary-analysis/function-c1-closure-2026-08-11.tsv;reverse-engineering/source-crosswalk/audit/REPORT.md;reverse-engineering/binary-analysis/pc-memory-io-semantics-2026-08-11.tsv	No distinct named retail body survives the bounded current-name, closure, semantic-table, and owner-alias search for this exact line/signature.	The body may be inlined, folded, uninstantiated, renamed, or absent; binary absence is not claimed.	A named retail entry with matching owner/alias, signature, target branch, ABI, and body/field behavior.	MemoryManager.h:226:CMemoryBlock::GetBlockSize:GetBlockSize()
MemoryManager.h	228	CMemoryBlock::GetBlockBelow	* GetBlockBelow()	SOURCE_ONLY	NO_MATCH_FOUND			reverse-engineering/binary-analysis/ghidra-function-name-table-2026-08-17.tsv;reverse-engineering/binary-analysis/function-c1-closure-2026-08-11.tsv;reverse-engineering/source-crosswalk/audit/REPORT.md;reverse-engineering/binary-analysis/pc-memory-io-semantics-2026-08-11.tsv	No distinct named retail body survives the bounded current-name, closure, semantic-table, and owner-alias search for this exact line/signature.	The body may be inlined, folded, uninstantiated, renamed, or absent; binary absence is not claimed.	A named retail entry with matching owner/alias, signature, target branch, ABI, and body/field behavior.	MemoryManager.h:228:CMemoryBlock::GetBlockBelow:* GetBlockBelow()
MemoryManager.h	230	CMemoryBlock::GetBlock	* GetBlock( void * apMem )	SOURCE_ONLY	NO_MATCH_FOUND			reverse-engineering/binary-analysis/ghidra-function-name-table-2026-08-17.tsv;reverse-engineering/binary-analysis/function-c1-closure-2026-08-11.tsv;reverse-engineering/source-crosswalk/audit/REPORT.md;reverse-engineering/binary-analysis/pc-memory-io-semantics-2026-08-11.tsv	No distinct named retail body survives the bounded current-name, closure, semantic-table, and owner-alias search for this exact line/signature.	The body may be inlined, folded, uninstantiated, renamed, or absent; binary absence is not claimed.	A named retail entry with matching owner/alias, signature, target branch, ABI, and body/field behavior.	MemoryManager.h:230:CMemoryBlock::GetBlock:* GetBlock( void * apMem )
MemoryManager.h	232	CMemoryBlock::IsUsed	IsUsed()	SOURCE_ONLY	NO_MATCH_FOUND			reverse-engineering/binary-analysis/ghidra-function-name-table-2026-08-17.tsv;reverse-engineering/binary-analysis/function-c1-closure-2026-08-11.tsv;reverse-engineering/source-crosswalk/audit/REPORT.md;reverse-engineering/binary-analysis/pc-memory-io-semantics-2026-08-11.tsv	No distinct named retail body survives the bounded current-name, closure, semantic-table, and owner-alias search for this exact line/signature.	The body may be inlined, folded, uninstantiated, renamed, or absent; binary absence is not claimed.	A named retail entry with matching owner/alias, signature, target branch, ABI, and body/field behavior.	MemoryManager.h:232:CMemoryBlock::IsUsed:IsUsed()
MemoryManager.h	233	CMemoryBlock::IsFree	IsFree()	SOURCE_ONLY	NO_MATCH_FOUND			reverse-engineering/binary-analysis/ghidra-function-name-table-2026-08-17.tsv;reverse-engineering/binary-analysis/function-c1-closure-2026-08-11.tsv;reverse-engineering/source-crosswalk/audit/REPORT.md;reverse-engineering/binary-analysis/pc-memory-io-semantics-2026-08-11.tsv	No distinct named retail body survives the bounded current-name, closure, semantic-table, and owner-alias search for this exact line/signature.	The body may be inlined, folded, uninstantiated, renamed, or absent; binary absence is not claimed.	A named retail entry with matching owner/alias, signature, target branch, ABI, and body/field behavior.	MemoryManager.h:233:CMemoryBlock::IsFree:IsFree()
MemoryManager.h	235	CMemoryBlock::IsBaseSet	IsBaseSet()	SOURCE_ONLY	NO_MATCH_FOUND			reverse-engineering/binary-analysis/ghidra-function-name-table-2026-08-17.tsv;reverse-engineering/binary-analysis/function-c1-closure-2026-08-11.tsv;reverse-engineering/source-crosswalk/audit/REPORT.md;reverse-engineering/binary-analysis/pc-memory-io-semantics-2026-08-11.tsv	No distinct named retail body survives the bounded current-name, closure, semantic-table, and owner-alias search for this exact line/signature.	The body may be inlined, folded, uninstantiated, renamed, or absent; binary absence is not claimed.	A named retail entry with matching owner/alias, signature, target branch, ABI, and body/field behavior.	MemoryManager.h:235:CMemoryBlock::IsBaseSet:IsBaseSet()
MemoryManager.h	243	CMemoryBlock::IsValid	IsValid()	SOURCE_ONLY	NO_MATCH_FOUND			reverse-engineering/binary-analysis/ghidra-function-name-table-2026-08-17.tsv;reverse-engineering/binary-analysis/function-c1-closure-2026-08-11.tsv;reverse-engineering/source-crosswalk/audit/REPORT.md;reverse-engineering/binary-analysis/pc-memory-io-semantics-2026-08-11.tsv	No distinct named retail body survives the bounded current-name, closure, semantic-table, and owner-alias search for this exact line/signature.	The body may be inlined, folded, uninstantiated, renamed, or absent; binary absence is not claimed.	A named retail entry with matching owner/alias, signature, target branch, ABI, and body/field behavior.	MemoryManager.h:243:CMemoryBlock::IsValid:IsValid()
MemoryManager.h	278	CMemoryHeap::GetTypeSize	GetTypeSize(EMemoryType type)	SOURCE_ONLY	NO_MATCH_FOUND			reverse-engineering/binary-analysis/ghidra-function-name-table-2026-08-17.tsv;reverse-engineering/binary-analysis/function-c1-closure-2026-08-11.tsv;reverse-engineering/source-crosswalk/audit/REPORT.md;reverse-engineering/binary-analysis/pc-memory-io-semantics-2026-08-11.tsv	No distinct named retail body survives the bounded current-name, closure, semantic-table, and owner-alias search for this exact line/signature.	The body may be inlined, folded, uninstantiated, renamed, or absent; binary absence is not claimed.	A named retail entry with matching owner/alias, signature, target branch, ABI, and body/field behavior.	MemoryManager.h:278:CMemoryHeap::GetTypeSize:GetTypeSize(EMemoryType type)
MemoryManager.h	295	CMemoryHeap::GetName	*GetName()	SOURCE_ONLY	NO_MATCH_FOUND			reverse-engineering/binary-analysis/ghidra-function-name-table-2026-08-17.tsv;reverse-engineering/binary-analysis/function-c1-closure-2026-08-11.tsv;reverse-engineering/source-crosswalk/audit/REPORT.md;reverse-engineering/binary-analysis/pc-memory-io-semantics-2026-08-11.tsv	No distinct named retail body survives the bounded current-name, closure, semantic-table, and owner-alias search for this exact line/signature.	The body may be inlined, folded, uninstantiated, renamed, or absent; binary absence is not claimed.	A named retail entry with matching owner/alias, signature, target branch, ABI, and body/field behavior.	MemoryManager.h:295:CMemoryHeap::GetName:*GetName()
MemoryManager.h	297	CMemoryHeap::GetSize	GetSize()	SOURCE_ONLY	NO_MATCH_FOUND			reverse-engineering/binary-analysis/ghidra-function-name-table-2026-08-17.tsv;reverse-engineering/binary-analysis/function-c1-closure-2026-08-11.tsv;reverse-engineering/source-crosswalk/audit/REPORT.md;reverse-engineering/binary-analysis/pc-memory-io-semantics-2026-08-11.tsv	No distinct named retail body survives the bounded current-name, closure, semantic-table, and owner-alias search for this exact line/signature.	The body may be inlined, folded, uninstantiated, renamed, or absent; binary absence is not claimed.	A named retail entry with matching owner/alias, signature, target branch, ABI, and body/field behavior.	MemoryManager.h:297:CMemoryHeap::GetSize:GetSize()
MemoryManager.h	298	CMemoryHeap::GetPeakSize	GetPeakSize()	SOURCE_ONLY	NO_MATCH_FOUND			reverse-engineering/binary-analysis/ghidra-function-name-table-2026-08-17.tsv;reverse-engineering/binary-analysis/function-c1-closure-2026-08-11.tsv;reverse-engineering/source-crosswalk/audit/REPORT.md;reverse-engineering/binary-analysis/pc-memory-io-semantics-2026-08-11.tsv	No distinct named retail body survives the bounded current-name, closure, semantic-table, and owner-alias search for this exact line/signature.	The body may be inlined, folded, uninstantiated, renamed, or absent; binary absence is not claimed.	A named retail entry with matching owner/alias, signature, target branch, ABI, and body/field behavior.	MemoryManager.h:298:CMemoryHeap::GetPeakSize:GetPeakSize()
MemoryManager.h	299	CMemoryHeap::GetUsedSize	GetUsedSize()	SOURCE_ONLY	NO_MATCH_FOUND			reverse-engineering/binary-analysis/ghidra-function-name-table-2026-08-17.tsv;reverse-engineering/binary-analysis/function-c1-closure-2026-08-11.tsv;reverse-engineering/source-crosswalk/audit/REPORT.md;reverse-engineering/binary-analysis/pc-memory-io-semantics-2026-08-11.tsv	No distinct named retail body survives the bounded current-name, closure, semantic-table, and owner-alias search for this exact line/signature.	The body may be inlined, folded, uninstantiated, renamed, or absent; binary absence is not claimed.	A named retail entry with matching owner/alias, signature, target branch, ABI, and body/field behavior.	MemoryManager.h:299:CMemoryHeap::GetUsedSize:GetUsedSize()
MemoryManager.h	300	CMemoryHeap::GetFreeSize	GetFreeSize()	SOURCE_ONLY	NO_MATCH_FOUND			reverse-engineering/binary-analysis/ghidra-function-name-table-2026-08-17.tsv;reverse-engineering/binary-analysis/function-c1-closure-2026-08-11.tsv;reverse-engineering/source-crosswalk/audit/REPORT.md;reverse-engineering/binary-analysis/pc-memory-io-semantics-2026-08-11.tsv	No distinct named retail body survives the bounded current-name, closure, semantic-table, and owner-alias search for this exact line/signature.	The body may be inlined, folded, uninstantiated, renamed, or absent; binary absence is not claimed.	A named retail entry with matching owner/alias, signature, target branch, ABI, and body/field behavior.	MemoryManager.h:300:CMemoryHeap::GetFreeSize:GetFreeSize()
MemoryManager.h	301	CMemoryHeap::GetTotalFreeSize	GetTotalFreeSize()	SOURCE_ONLY	NO_MATCH_FOUND			reverse-engineering/binary-analysis/ghidra-function-name-table-2026-08-17.tsv;reverse-engineering/binary-analysis/function-c1-closure-2026-08-11.tsv;reverse-engineering/source-crosswalk/audit/REPORT.md;reverse-engineering/binary-analysis/pc-memory-io-semantics-2026-08-11.tsv	No distinct named retail body survives the bounded current-name, closure, semantic-table, and owner-alias search for this exact line/signature.	The body may be inlined, folded, uninstantiated, renamed, or absent; binary absence is not claimed.	A named retail entry with matching owner/alias, signature, target branch, ABI, and body/field behavior.	MemoryManager.h:301:CMemoryHeap::GetTotalFreeSize:GetTotalFreeSize()
MemoryManager.h	324	CMemoryHeap::IsLastBlock	IsLastBlock( CMemoryBlock * apBlock )	SOURCE_ONLY	NO_MATCH_FOUND			reverse-engineering/binary-analysis/ghidra-function-name-table-2026-08-17.tsv;reverse-engineering/binary-analysis/function-c1-closure-2026-08-11.tsv;reverse-engineering/source-crosswalk/audit/REPORT.md;reverse-engineering/binary-analysis/pc-memory-io-semantics-2026-08-11.tsv	No distinct named retail body survives the bounded current-name, closure, semantic-table, and owner-alias search for this exact line/signature.	The body may be inlined, folded, uninstantiated, renamed, or absent; binary absence is not claimed.	A named retail entry with matching owner/alias, signature, target branch, ABI, and body/field behavior.	MemoryManager.h:324:CMemoryHeap::IsLastBlock:IsLastBlock( CMemoryBlock * apBlock )
MemoryManager.h	402	CMemoryManager::~dtor	~CMemoryManager()	RETAIL_UNRESOLVED	NO_MATCH_FOUND			reverse-engineering/binary-analysis/ghidra-function-name-table-2026-08-17.tsv;reverse-engineering/binary-analysis/function-c1-closure-2026-08-11.tsv;reverse-engineering/source-crosswalk/audit/REPORT.md;reverse-engineering/binary-analysis/pc-memory-io-semantics-2026-08-11.tsv	The bounded search does not support a unique released body for this exact overload, target branch, operator, or destructor identity.	Destructor body versus scalar/vector deleting wrapper is unresolved; wrapper spelling alone cannot prove the source destructor.	A named retail entry with matching owner/alias, signature, target branch, ABI, and body/field behavior.	MemoryManager.h:402:CMemoryManager::~dtor:~CMemoryManager()
SPtrSet.cpp	24	GenericSPtrSet::GenericSPtrSet	GenericSPtrSet::GenericSPtrSet()	SOURCE_AGREES	SOURCE_ANALOG	0x004e5840	CSPtrSet__Init	reverse-engineering/binary-analysis/ghidra-fullpass-findings/W007/primary/A07.md;reverse-engineering/binary-analysis/ghidra-function-name-table-2026-08-17.tsv;reverse-engineering/binary-analysis/function-c1-closure-2026-08-11.tsv	Released candidate clears the same three instance fields; owner/template identity remains bounded.	Agreement is bounded to the stated ABI/shape; byte equality and broader runtime behavior remain unproved.	A retail body, ABI, field order, or source-coordinate owner that contradicts the bounded source shape.	SPtrSet.cpp:24:GenericSPtrSet::GenericSPtrSet:GenericSPtrSet::GenericSPtrSet()
SPtrSet.cpp	35	GenericSPtrSet::GenericSPtrSet	GenericSPtrSet::GenericSPtrSet(const GenericSPtrSet& copy)	SOURCE_AGREES	SOURCE_ANALOG	0x004e5850	CSPtrSet__CopyCtorFromSource	reverse-engineering/binary-analysis/ghidra-fullpass-findings/W007/primary/A07.md;reverse-engineering/binary-analysis/ghidra-function-name-table-2026-08-17.tsv;reverse-engineering/binary-analysis/function-c1-closure-2026-08-11.tsv	Released candidate has the same copy-and-append traversal shape; template-instantiation ownership remains unproved.	Agreement is bounded to the stated ABI/shape; byte equality and broader runtime behavior remain unproved.	A retail body, ABI, field order, or source-coordinate owner that contradicts the bounded source shape.	SPtrSet.cpp:35:GenericSPtrSet::GenericSPtrSet:GenericSPtrSet::GenericSPtrSet(const GenericSPtrSet& copy)
SPtrSet.cpp	53	GenericSPtrSet::operator=	& GenericSPtrSet::operator = (GenericSPtrSet& copy)	SOURCE_AGREES	SOURCE_ANALOG	0x004e58a0	CSPtrSet__operator_assign	reverse-engineering/binary-analysis/ghidra-fullpass-findings/W007/primary/A07.md;reverse-engineering/binary-analysis/ghidra-function-name-table-2026-08-17.tsv;reverse-engineering/binary-analysis/function-c1-closure-2026-08-11.tsv	Released candidate clears then appends in source order; runtime pool behavior and exact owner identity remain unproved.	Agreement is bounded to the stated ABI/shape; byte equality and broader runtime behavior remain unproved.	A retail body, ABI, field order, or source-coordinate owner that contradicts the bounded source shape.	SPtrSet.cpp:53:GenericSPtrSet::operator=:& GenericSPtrSet::operator = (GenericSPtrSet& copy)
SPtrSet.h	39	GenericSPtrSet::Size	Size()	SOURCE_ONLY	NO_MATCH_FOUND			reverse-engineering/binary-analysis/ghidra-function-name-table-2026-08-17.tsv;reverse-engineering/binary-analysis/function-c1-closure-2026-08-11.tsv;reverse-engineering/source-crosswalk/audit/REPORT.md;reverse-engineering/binary-analysis/ghidra-fullpass-findings/W007/primary/A07.md	No distinct named retail body survives the bounded current-name, closure, semantic-table, and owner-alias search for this exact line/signature.	The body may be inlined, folded, uninstantiated, renamed, or absent; binary absence is not claimed.	A named retail entry with matching owner/alias, signature, target branch, ABI, and body/field behavior.	SPtrSet.h:39:GenericSPtrSet::Size:Size()
SPtrSet.h	40	GenericSPtrSet::First	* First()	SOURCE_AGREES	SOURCE_ANALOG	0x00406d20	CSPtrSet__First	reverse-engineering/binary-analysis/ghidra-fullpass-findings/W001/primary/A06.md;reverse-engineering/binary-analysis/ghidra-fullpass-findings/W001/adversarial/B06.md;reverse-engineering/binary-analysis/ghidra-function-name-table-2026-08-17.tsv;reverse-engineering/binary-analysis/function-c1-closure-2026-08-11.tsv	Released body sets the cursor at this+8 from the head at this+0 and returns the node item or null, exactly matching the source-visible iterator shape.	Agreement is bounded to body, ABI, and field shape; retail type spelling and source-coordinate identity remain unproved.	A released body or ABI/field order that contradicts the bounded iterator shape, or source-coordinate evidence assigning the body elsewhere.	SPtrSet.h:40:GenericSPtrSet::First:* First()
SPtrSet.h	41	GenericSPtrSet::Next	* Next()	SOURCE_AGREES	SOURCE_ANALOG	0x00406d30	CSPtrSet__Next	reverse-engineering/binary-analysis/ghidra-fullpass-findings/W001/primary/A06.md;reverse-engineering/binary-analysis/ghidra-fullpass-findings/W001/adversarial/B06.md;reverse-engineering/binary-analysis/ghidra-function-name-table-2026-08-17.tsv;reverse-engineering/binary-analysis/function-c1-closure-2026-08-11.tsv	Released body advances the cursor at this+8 through node+4 and returns the next node item or null, exactly matching the source-visible iterator shape.	Agreement is bounded to body, ABI, and field shape; retail type spelling and source-coordinate identity remain unproved.	A released body or ABI/field order that contradicts the bounded iterator shape, or source-coordinate evidence assigning the body elsewhere.	SPtrSet.h:41:GenericSPtrSet::Next:* Next()
SPtrSet.h	43	GenericSPtrSet::Last	* Last()	SOURCE_ONLY	NO_MATCH_FOUND			reverse-engineering/binary-analysis/ghidra-function-name-table-2026-08-17.tsv;reverse-engineering/binary-analysis/function-c1-closure-2026-08-11.tsv;reverse-engineering/source-crosswalk/audit/REPORT.md;reverse-engineering/binary-analysis/ghidra-fullpass-findings/W007/primary/A07.md	No distinct named retail body survives the bounded current-name, closure, semantic-table, and owner-alias search for this exact line/signature.	The body may be inlined, folded, uninstantiated, renamed, or absent; binary absence is not claimed.	A named retail entry with matching owner/alias, signature, target branch, ABI, and body/field behavior.	SPtrSet.h:43:GenericSPtrSet::Last:* Last()
SPtrSet.h	70	SPtrSet::SPtrSet	SPtrSet()	RETAIL_UNRESOLVED	CANDIDATE_UNRESOLVED			reverse-engineering/binary-analysis/ghidra-fullpass-findings/W008/primary/A08.md;reverse-engineering/binary-analysis/ghidra-fullpass-findings/W008/adversarial/B08.md;reverse-engineering/binary-analysis/ghidra-function-name-table-2026-08-17.tsv;reverse-engineering/binary-analysis/function-c1-closure-2026-08-11.tsv	Candidate CSPtrSet__ctor at 0x00505d00 is a six-instruction generic Init wrapper returning this, with broad multi-site fan-in.	No template argument or source coordinate uniquely assigns that shared/folded candidate to this universal SPtrSet<T> wrapper row, so its VA is intentionally unpopulated.	Template-instantiation or source-coordinate evidence that uniquely assigns 0x00505d00 to this wrapper row rather than one folded instantiation.	SPtrSet.h:70:SPtrSet::SPtrSet:SPtrSet()
SPtrSet.h	71	SPtrSet::SPtrSet	SPtrSet(const SPtrSet<T>& copy)	RETAIL_UNRESOLVED	CANDIDATE_UNRESOLVED			reverse-engineering/binary-analysis/ghidra-fullpass-findings/W007/primary/A07.md;reverse-engineering/binary-analysis/ghidra-fullpass-findings/W007/adversarial/B07.md;reverse-engineering/binary-analysis/ghidra-function-name-table-2026-08-17.tsv;reverse-engineering/binary-analysis/function-c1-closure-2026-08-11.tsv	Candidate CSPtrSet__CopyCtorFromSource at 0x004e5850 zeroes this, walks the source, and appends every item.	That VA is the proved generic-base body; no distinct typed wrapper or template-instantiation/source-coordinate identity survives to assign it to this row.	Template-instantiation or source-coordinate evidence that uniquely distinguishes this wrapper from the generic body at 0x004e5850.	SPtrSet.h:71:SPtrSet::SPtrSet:SPtrSet(const SPtrSet<T>& copy)
SPtrSet.h	72	SPtrSet::operator=	& operator = (SPtrSet<T>& copy)	RETAIL_UNRESOLVED	CANDIDATE_UNRESOLVED			reverse-engineering/binary-analysis/ghidra-fullpass-findings/W007/primary/A07.md;reverse-engineering/binary-analysis/ghidra-fullpass-findings/W007/adversarial/B07.md;reverse-engineering/binary-analysis/ghidra-function-name-table-2026-08-17.tsv;reverse-engineering/binary-analysis/function-c1-closure-2026-08-11.tsv	Candidate CSPtrSet__operator_assign at 0x004e58a0 clears the receiver, appends from the source, and returns this.	That VA is the proved generic-base body; no distinct typed forwarding wrapper or unique template identity survives to assign it to this row.	Template-instantiation or source-coordinate evidence that uniquely distinguishes this wrapper from the generic body at 0x004e58a0.	SPtrSet.h:72:SPtrSet::operator=:& operator = (SPtrSet<T>& copy)
SPtrSet.h	73	SPtrSet::Add	Add(T* ptr)	RETAIL_UNRESOLVED	CANDIDATE_UNRESOLVED			reverse-engineering/binary-analysis/ghidra-fullpass-findings/W007/primary/A07.md;reverse-engineering/binary-analysis/ghidra-fullpass-findings/W007/adversarial/B07.md;reverse-engineering/binary-analysis/ghidra-function-name-table-2026-08-17.tsv;reverse-engineering/binary-analysis/function-c1-closure-2026-08-11.tsv	Candidate CSPtrSet__AddToHead at 0x004e5a80 implements the same generic head insertion and pool-pop shape.	The source row is an inline zero-adjust typed forwarder; current evidence proves the generic callee, not a distinct emitted T-specific wrapper or unique folded owner.	Template-instantiation or source-coordinate evidence that uniquely distinguishes this wrapper from the generic body at 0x004e5a80.	SPtrSet.h:73:SPtrSet::Add:Add(T* ptr)
SPtrSet.h	74	SPtrSet::Append	Append(T* ptr)	RETAIL_UNRESOLVED	CANDIDATE_UNRESOLVED			reverse-engineering/binary-analysis/ghidra-fullpass-findings/W007/primary/A07.md;reverse-engineering/binary-analysis/ghidra-fullpass-findings/W007/adversarial/B07.md;reverse-engineering/binary-analysis/ghidra-function-name-table-2026-08-17.tsv;reverse-engineering/binary-analysis/function-c1-closure-2026-08-11.tsv	Candidate CSPtrSet__AddToTail at 0x004e5b20 implements the same generic tail append and pool-pop shape.	The source row is an inline zero-adjust typed forwarder; current evidence proves the generic callee, not a distinct emitted T-specific wrapper or unique folded owner.	Template-instantiation or source-coordinate evidence that uniquely distinguishes this wrapper from the generic body at 0x004e5b20.	SPtrSet.h:74:SPtrSet::Append:Append(T* ptr)
SPtrSet.h	75	SPtrSet::Remove	Remove(T* ptr)	RETAIL_UNRESOLVED	CANDIDATE_UNRESOLVED			reverse-engineering/binary-analysis/ghidra-fullpass-findings/W007/primary/A07.md;reverse-engineering/binary-analysis/ghidra-fullpass-findings/W007/adversarial/B07.md;reverse-engineering/binary-analysis/ghidra-function-name-table-2026-08-17.tsv;reverse-engineering/binary-analysis/function-c1-closure-2026-08-11.tsv	Candidate CSPtrSet__Remove at 0x004e5bd0 implements the same first-match unlink and free-list return.	The source row is an inline zero-adjust typed forwarder; current evidence proves the generic callee, not a distinct emitted T-specific wrapper or unique folded owner.	Template-instantiation or source-coordinate evidence that uniquely distinguishes this wrapper from the generic body at 0x004e5bd0.	SPtrSet.h:75:SPtrSet::Remove:Remove(T* ptr)
SPtrSet.h	76	SPtrSet::RemoveAll	RemoveAll()	RETAIL_UNRESOLVED	CANDIDATE_UNRESOLVED			reverse-engineering/binary-analysis/ghidra-fullpass-findings/W007/primary/A07.md;reverse-engineering/binary-analysis/ghidra-fullpass-findings/W007/adversarial/B07.md;reverse-engineering/binary-analysis/ghidra-fullpass-findings/W002/primary/A11.md;reverse-engineering/binary-analysis/ghidra-fullpass-findings/W002/adversarial/B11.md;reverse-engineering/binary-analysis/ghidra-function-name-table-2026-08-17.tsv;reverse-engineering/binary-analysis/function-c1-closure-2026-08-11.tsv	Candidate CSPtrSet__Clear at 0x004e5c60 implements the generic splice-to-free-list body; 0x0042f220 is a proved five-byte thunk to it.	The source row is an inline typed forwarder, while current evidence exposes a canonical generic body plus shared thunk but no unique T-specific wrapper/source coordinate.	Template-instantiation or source-coordinate evidence that uniquely distinguishes this wrapper from 0x004e5c60 and its 0x0042f220 thunk.	SPtrSet.h:76:SPtrSet::RemoveAll:RemoveAll()
SPtrSet.h	77	SPtrSet::DeleteAll	DeleteAll()	SOURCE_ONLY	NO_MATCH_FOUND			reverse-engineering/binary-analysis/ghidra-function-name-table-2026-08-17.tsv;reverse-engineering/binary-analysis/function-c1-closure-2026-08-11.tsv;reverse-engineering/source-crosswalk/audit/REPORT.md;reverse-engineering/binary-analysis/ghidra-fullpass-findings/W007/primary/A07.md	No distinct named retail body survives the bounded current-name, closure, semantic-table, and owner-alias search for this exact line/signature.	The body may be inlined, folded, uninstantiated, renamed, or absent; binary absence is not claimed.	A named retail entry with matching owner/alias, signature, target branch, ABI, and body/field behavior.	SPtrSet.h:77:SPtrSet::DeleteAll:DeleteAll()
SPtrSet.h	78	SPtrSet::Contains	Contains(T* ptr)	RETAIL_UNRESOLVED	CANDIDATE_UNRESOLVED			reverse-engineering/binary-analysis/ghidra-fullpass-findings/W007/primary/A07.md;reverse-engineering/binary-analysis/ghidra-fullpass-findings/W007/adversarial/B07.md;reverse-engineering/binary-analysis/ghidra-function-name-table-2026-08-17.tsv;reverse-engineering/binary-analysis/function-c1-closure-2026-08-11.tsv	Candidate CSPtrSet__Contains at 0x004e5c30 implements the same generic linear membership walk.	The source row is an inline typed forwarder; current evidence proves the generic callee, not a distinct emitted T-specific wrapper or unique folded owner.	Template-instantiation or source-coordinate evidence that uniquely distinguishes this wrapper from the generic body at 0x004e5c30.	SPtrSet.h:78:SPtrSet::Contains:Contains(T* ptr)
SPtrSet.h	79	SPtrSet::Size	Size()	SOURCE_ONLY	NO_MATCH_FOUND			reverse-engineering/binary-analysis/ghidra-function-name-table-2026-08-17.tsv;reverse-engineering/binary-analysis/function-c1-closure-2026-08-11.tsv;reverse-engineering/source-crosswalk/audit/REPORT.md;reverse-engineering/binary-analysis/ghidra-fullpass-findings/W007/primary/A07.md	No distinct named retail body survives the bounded current-name, closure, semantic-table, and owner-alias search for this exact line/signature.	The body may be inlined, folded, uninstantiated, renamed, or absent; binary absence is not claimed.	A named retail entry with matching owner/alias, signature, target branch, ABI, and body/field behavior.	SPtrSet.h:79:SPtrSet::Size:Size()
SPtrSet.h	80	SPtrSet::At	* At(int val)	RETAIL_UNRESOLVED	CANDIDATE_UNRESOLVED			reverse-engineering/binary-analysis/ghidra-fullpass-findings/W007/primary/A07.md;reverse-engineering/binary-analysis/ghidra-fullpass-findings/W007/adversarial/B07.md;reverse-engineering/binary-analysis/ghidra-function-name-table-2026-08-17.tsv;reverse-engineering/binary-analysis/function-c1-closure-2026-08-11.tsv	Candidate CSPtrSet__At at 0x004e5c90 implements the same unchecked generic index walk.	The source row is an inline typed cast/forwarder; current evidence proves the generic callee, not a distinct emitted T-specific wrapper or unique folded owner.	Template-instantiation or source-coordinate evidence that uniquely distinguishes this wrapper from the generic body at 0x004e5c90.	SPtrSet.h:80:SPtrSet::At:* At(int val)
SPtrSet.h	81	SPtrSet::First	* First()	RETAIL_UNRESOLVED	CANDIDATE_UNRESOLVED			reverse-engineering/binary-analysis/ghidra-fullpass-findings/W001/primary/A06.md;reverse-engineering/binary-analysis/ghidra-fullpass-findings/W001/adversarial/B06.md;reverse-engineering/binary-analysis/ghidra-function-name-table-2026-08-17.tsv;reverse-engineering/binary-analysis/function-c1-closure-2026-08-11.tsv	Candidate CSPtrSet__First at 0x00406d20 is the proved generic iterator-reset body matching the source base method.	The source row is an inline typed cast/forwarder; the same VA is assigned to the generic base row and no distinct T-specific wrapper/source coordinate survives.	Template-instantiation or source-coordinate evidence that uniquely distinguishes this wrapper from the generic body at 0x00406d20.	SPtrSet.h:81:SPtrSet::First:* First()
SPtrSet.h	82	SPtrSet::Next	* Next()	RETAIL_UNRESOLVED	CANDIDATE_UNRESOLVED			reverse-engineering/binary-analysis/ghidra-fullpass-findings/W001/primary/A06.md;reverse-engineering/binary-analysis/ghidra-fullpass-findings/W001/adversarial/B06.md;reverse-engineering/binary-analysis/ghidra-function-name-table-2026-08-17.tsv;reverse-engineering/binary-analysis/function-c1-closure-2026-08-11.tsv	Candidate CSPtrSet__Next at 0x00406d30 is the proved generic iterator-advance body matching the source base method.	The source row is an inline typed cast/forwarder; the same VA is assigned to the generic base row and no distinct T-specific wrapper/source coordinate survives.	Template-instantiation or source-coordinate evidence that uniquely distinguishes this wrapper from the generic body at 0x00406d30.	SPtrSet.h:82:SPtrSet::Next:* Next()
SPtrSet.h	83	SPtrSet::Last	* Last()	SOURCE_ONLY	NO_MATCH_FOUND			reverse-engineering/binary-analysis/ghidra-function-name-table-2026-08-17.tsv;reverse-engineering/binary-analysis/function-c1-closure-2026-08-11.tsv;reverse-engineering/source-crosswalk/audit/REPORT.md;reverse-engineering/binary-analysis/ghidra-fullpass-findings/W007/primary/A07.md	No distinct named retail body survives the bounded current-name, closure, semantic-table, and owner-alias search for this exact line/signature.	The body may be inlined, folded, uninstantiated, renamed, or absent; binary absence is not claimed.	A named retail entry with matching owner/alias, signature, target branch, ABI, and body/field behavior.	SPtrSet.h:83:SPtrSet::Last:* Last()
SPtrSet.h	93	GenericListIterator::GenericListIterator	GenericListIterator(GenericSPtrSet* list)	SOURCE_ONLY	NO_MATCH_FOUND			reverse-engineering/binary-analysis/ghidra-function-name-table-2026-08-17.tsv;reverse-engineering/binary-analysis/function-c1-closure-2026-08-11.tsv;reverse-engineering/source-crosswalk/audit/REPORT.md;reverse-engineering/binary-analysis/ghidra-fullpass-findings/W007/primary/A07.md	No distinct named retail body survives the bounded current-name, closure, semantic-table, and owner-alias search for this exact line/signature.	The body may be inlined, folded, uninstantiated, renamed, or absent; binary absence is not claimed.	A named retail entry with matching owner/alias, signature, target branch, ABI, and body/field behavior.	SPtrSet.h:93:GenericListIterator::GenericListIterator:GenericListIterator(GenericSPtrSet* list)
SPtrSet.h	94	GenericListIterator::First	* First()	SOURCE_ONLY	NO_MATCH_FOUND			reverse-engineering/binary-analysis/ghidra-function-name-table-2026-08-17.tsv;reverse-engineering/binary-analysis/function-c1-closure-2026-08-11.tsv;reverse-engineering/source-crosswalk/audit/REPORT.md;reverse-engineering/binary-analysis/ghidra-fullpass-findings/W007/primary/A07.md	No distinct named retail body survives the bounded current-name, closure, semantic-table, and owner-alias search for this exact line/signature.	The body may be inlined, folded, uninstantiated, renamed, or absent; binary absence is not claimed.	A named retail entry with matching owner/alias, signature, target branch, ABI, and body/field behavior.	SPtrSet.h:94:GenericListIterator::First:* First()
SPtrSet.h	95	GenericListIterator::Next	* Next()	SOURCE_ONLY	NO_MATCH_FOUND			reverse-engineering/binary-analysis/ghidra-function-name-table-2026-08-17.tsv;reverse-engineering/binary-analysis/function-c1-closure-2026-08-11.tsv;reverse-engineering/source-crosswalk/audit/REPORT.md;reverse-engineering/binary-analysis/ghidra-fullpass-findings/W007/primary/A07.md	No distinct named retail body survives the bounded current-name, closure, semantic-table, and owner-alias search for this exact line/signature.	The body may be inlined, folded, uninstantiated, renamed, or absent; binary absence is not claimed.	A named retail entry with matching owner/alias, signature, target branch, ABI, and body/field behavior.	SPtrSet.h:95:GenericListIterator::Next:* Next()
SPtrSet.h	106	ListIterator::ListIterator	ListIterator(SPtrSet<T>* list)	SOURCE_ONLY	NO_MATCH_FOUND			reverse-engineering/binary-analysis/ghidra-function-name-table-2026-08-17.tsv;reverse-engineering/binary-analysis/function-c1-closure-2026-08-11.tsv;reverse-engineering/source-crosswalk/audit/REPORT.md;reverse-engineering/binary-analysis/ghidra-fullpass-findings/W007/primary/A07.md	No distinct named retail body survives the bounded current-name, closure, semantic-table, and owner-alias search for this exact line/signature.	The body may be inlined, folded, uninstantiated, renamed, or absent; binary absence is not claimed.	A named retail entry with matching owner/alias, signature, target branch, ABI, and body/field behavior.	SPtrSet.h:106:ListIterator::ListIterator:ListIterator(SPtrSet<T>* list)
SPtrSet.h	107	ListIterator::First	* First()	SOURCE_ONLY	NO_MATCH_FOUND			reverse-engineering/binary-analysis/ghidra-function-name-table-2026-08-17.tsv;reverse-engineering/binary-analysis/function-c1-closure-2026-08-11.tsv;reverse-engineering/source-crosswalk/audit/REPORT.md;reverse-engineering/binary-analysis/ghidra-fullpass-findings/W007/primary/A07.md	No distinct named retail body survives the bounded current-name, closure, semantic-table, and owner-alias search for this exact line/signature.	The body may be inlined, folded, uninstantiated, renamed, or absent; binary absence is not claimed.	A named retail entry with matching owner/alias, signature, target branch, ABI, and body/field behavior.	SPtrSet.h:107:ListIterator::First:* First()
SPtrSet.h	108	ListIterator::Next	*      Next()	SOURCE_ONLY	NO_MATCH_FOUND			reverse-engineering/binary-analysis/ghidra-function-name-table-2026-08-17.tsv;reverse-engineering/binary-analysis/function-c1-closure-2026-08-11.tsv;reverse-engineering/source-crosswalk/audit/REPORT.md;reverse-engineering/binary-analysis/ghidra-fullpass-findings/W007/primary/A07.md	No distinct named retail body survives the bounded current-name, closure, semantic-table, and owner-alias search for this exact line/signature.	The body may be inlined, folded, uninstantiated, renamed, or absent; binary absence is not claimed.	A named retail entry with matching owner/alias, signature, target branch, ABI, and body/field behavior.	SPtrSet.h:108:ListIterator::Next:*      Next()
