absolutePath	memberPath	bytes	sha256	platform	region	container	claim	confidence	evidence
C:\Users\david\source\Onslaught-Career-Editor\local-lab\safe-copy-bea-pristine\BEA.exe.original.backup		2506752	74154BFAE14DDC8ECB87A0766F5BC381C7B7F1AB334ED7A753040EDA1E1E7750	PC	Retail	PE32	Campaign pristine specimen; byte-equal to canonical retail ISO member	EXACT_SHA256	Locally hashed
G:\BEA ROMS\Lore\01_PC_Game_ISOs\battle-engine-aquila-asus-v-299\Battle engine aquila ASUS V299.iso		692766720	1DC0D95C778105AE3CB1B0DB9AFA701FC3141ED4EE467CDD227811F6F4248C57	PC	Retail OEM label	ISO9660	Outer ISO alias in exact three-copy group	EXACT_SHA256	Locally hashed; Archive.org identifier battle-engine-aquila-asus-v-299
G:\BEA ROMS\Lore\01_PC_Game_ISOs\battle-engine-aquila-bundle-version-v-299\Battle Engine Aquila (Bundle Version V299).iso		692766720	1DC0D95C778105AE3CB1B0DB9AFA701FC3141ED4EE467CDD227811F6F4248C57	PC	Retail OEM label	ISO9660	Outer ISO alias in exact three-copy group	EXACT_SHA256	Locally hashed; Archive.org identifier battle-engine-aquila-bundle-version-v-299
G:\BEA ROMS\Lore\01_PC_Game_ISOs\battle-engine-aquila-pc-v-1.00\Battle-Engine-Aquila-PC-V1.00.iso		692766720	1DC0D95C778105AE3CB1B0DB9AFA701FC3141ED4EE467CDD227811F6F4248C57	PC	Retail	ISO9660	Canonical retail PC disc	EXACT_SHA256	Locally hashed; CD001 at ISO9660 descriptor; Archive.org identifier battle-engine-aquila-pc-v-1.00
G:\BEA ROMS\Lore\01_PC_Game_ISOs\battle-engine-aquila-pc-v-1.00\Battle-Engine-Aquila-PC-V1.00.iso	EXE/BEA.exe	2506752	74154BFAE14DDC8ECB87A0766F5BC381C7B7F1AB334ED7A753040EDA1E1E7750	PC	Retail	ISO9660 member PE32	Canonical retail executable; exact campaign pristine specimen	EXACT_SHA256	tar stream hashed without persistent extraction
G:\BEA ROMS\Lore\01_PC_Game_ISOs\battle-engine-aquila-pc-v-1.00\Battle-Engine-Aquila-PC-V1.00.iso	All.gip	651614569	B0E6A2266A239C2CD9F0F45071C6E9B5DCEB548C989714AAD0712E4F353E617D	PC	Retail	ISO9660 member GIP	Canonical retail package	EXACT_SHA256	tar stream hashed without persistent extraction
G:\BEA ROMS\Manually Downloaded\battleengine - 2003 PC DEMO.zip		110691112	62E3F54A25AF8049491C96123409F7EE6CC02D9326F4252D84606FFC136ACD47	PC	Demo	ZIP	PC demo distribution archive	EXACT_SHA256	Locally hashed; PK ZIP signature
G:\BEA ROMS\Manually Downloaded\battleengine - 2003 PC DEMO.zip	BattleEngine/EXE/BEA.exe	2510848	D8637DD755B21C720C0CB8F71923F94D2A04A184D90F5343C2E868CE8606E5C2	PC	Demo	ZIP member PE32	Distinct demo executable	EXACT_SHA256	tar stream hashed without persistent extraction
G:\BEA ROMS\Manually Downloaded\battleengine - 2003 PC DEMO.zip	BattleEngine/All.gip	75388730	90B16DC8DF5669BB1ED2DBD09B450C30864047C9A536ECC31BFC6AA55CB66975	PC	Demo	ZIP member GIP	Distinct demo package	EXACT_SHA256	tar stream hashed without persistent extraction
G:\BEA ROMS\Lore\11_Misc_Collections\BattleEngineAquila-LivBs\PS2\Battle Engine Aquila (Europe) (En,Fr,De,Es,It) iso.zip		1977945802	NOT_MEASURED	PS2	Europe	ZIP	Archive.org outer archive containing retail ISO	SOURCE_SIDECAR	Archive.org identifier BattleEngineAquila-LivBs; outer SHA1 32e0dc044d743fc61ddd9724c1855af89a0f546d
G:\BEA ROMS\Lore\11_Misc_Collections\BattleEngineAquila-LivBs\PS2\Battle Engine Aquila (Europe) (En,Fr,De,Es,It) iso.zip	Battle Engine Aquila (Europe) (En,Fr,De,Es,It).iso	3615948800	060D883B3B029C2BE471D83F824B1FDF38520903F8ACE47783D13E9DD399DA52	PS2	Europe	ZIP member ISO	Europe retail logical ISO anchor	EXACT_SHA256	ZipArchive member stream hashed without persistent extraction
G:\BEA ROMS\Manually Downloaded\Battle Engine Aquila (Europe) (EnFrDeEsIt) - romsfun.com - PS2 - Redump.zip		1974606170	NOT_MEASURED	PS2	Europe	ZIP	Manually downloaded Redump-labelled outer archive	CLAIMED_PROVENANCE	Filename claim; PK ZIP signature; outer SHA256 not measured
G:\BEA ROMS\Manually Downloaded\Battle Engine Aquila (Europe) (EnFrDeEsIt) - romsfun.com - PS2 - Redump.zip	Battle Engine Aquila (Europe) (En,Fr,De,Es,It).iso	3615948800	060D883B3B029C2BE471D83F824B1FDF38520903F8ACE47783D13E9DD399DA52	PS2	Europe	ZIP member ISO	Exact same Europe retail ISO as LivBs member	EXACT_SHA256	ZipArchive member stream hashed without persistent extraction
G:\BEA ROMS\Lore\11_Misc_Collections\BattleEngineAquila-LivBs\PS2\Battle Engine Aquila (USA) iso.zip		1977879314	NOT_MEASURED	PS2	USA	ZIP	Archive.org outer archive containing retail ISO	SOURCE_SIDECAR	Archive.org identifier BattleEngineAquila-LivBs; outer SHA1 690dd3459a69bb2210ccb7aa89ad059e5f2f14d7
G:\BEA ROMS\Lore\11_Misc_Collections\BattleEngineAquila-LivBs\PS2\Battle Engine Aquila (USA) iso.zip	Battle Engine Aquila (USA).iso	3615948800	3E1FFFA905680ACBC57BBF9388AA77BFE60C653AFE6F48823247ADE88BB87CE6	PS2	USA	ZIP member ISO	USA retail logical ISO anchor	EXACT_SHA256	ZipArchive member stream hashed without persistent extraction
G:\BEA ROMS\Manually Downloaded\Battle Engine Aquila (USA) - romsfun.com - PS2 - Redump.zip		1974622624	NOT_MEASURED	PS2	USA	ZIP	Manually downloaded Redump-labelled outer archive	CLAIMED_PROVENANCE	Filename claim; PK ZIP signature; outer SHA256 not measured
G:\BEA ROMS\Manually Downloaded\Battle Engine Aquila (USA) - romsfun.com - PS2 - Redump.zip	Battle Engine Aquila (USA).iso	3615948800	3E1FFFA905680ACBC57BBF9388AA77BFE60C653AFE6F48823247ADE88BB87CE6	PS2	USA	ZIP member ISO	Exact same USA retail ISO as LivBs member	EXACT_SHA256	ZipArchive member stream hashed without persistent extraction
G:\BEA ROMS\Lore\11_Misc_Collections\BattleEngineAquila-LivBs\PS2\Battle Engine Aquila (Europe) (EnFrDeEsIt) chd.zip		1952536858	NOT_MEASURED	PS2	Europe	ZIP	Archive.org outer archive containing CHD v5	SOURCE_SIDECAR	Archive.org identifier BattleEngineAquila-LivBs; outer SHA1 069ec37256b816cd8064403b10bf4783ecce34be
G:\BEA ROMS\Lore\11_Misc_Collections\BattleEngineAquila-LivBs\PS2\Battle Engine Aquila (Europe) (EnFrDeEsIt) chd.zip	Battle Engine Aquila (Europe) (EnFrDeEsIt).chd	1960131273	24229A9B2D3B14ABC420FB7E2574C27056CF07CAED0A4C842B9006D844278D1D	PS2	Europe	ZIP member CHD v5	Exact contained CHD object	EXACT_SHA256	ZipArchive member stream hashed without persistent extraction
G:\BEA ROMS\Manually Downloaded\Battle Engine Aquila (Europe) (EnFrDeEsIt) - romsfun.com - PS2 - CHD.chd		1960131273	24229A9B2D3B14ABC420FB7E2574C27056CF07CAED0A4C842B9006D844278D1D	PS2	Europe	CHD v5	Direct CHD exact to LivBs member	EXACT_SHA256	Locally hashed; MComprHD; raw SHA1 6DFAFF9AF962D9FA4D10549C48EF52BFCF0A9D2F
G:\BEA ROMS\Lore\11_Misc_Collections\BattleEngineAquila-LivBs\PS2\Battle Engine Aquila (USA) chd.zip		1950853803	NOT_MEASURED	PS2	USA	ZIP	Archive.org outer archive containing CHD v5	SOURCE_SIDECAR	Archive.org identifier BattleEngineAquila-LivBs; outer SHA1 25345556cd66d8d8afa835db87a2aae6ff6f5b91
G:\BEA ROMS\Lore\11_Misc_Collections\BattleEngineAquila-LivBs\PS2\Battle Engine Aquila (USA) chd.zip	Battle Engine Aquila (USA).chd	1958342251	0F4C38C867FFD2DA537F9A507D15B22B3221D639BFCB290E3F5F16A564FCD028	PS2	USA	ZIP member CHD v5	Exact contained CHD object	EXACT_SHA256	ZipArchive member stream hashed without persistent extraction
G:\BEA ROMS\Manually Downloaded\Battle Engine Aquila (USA) - romsfun.com - PS2 - CHD.chd		1958342251	0F4C38C867FFD2DA537F9A507D15B22B3221D639BFCB290E3F5F16A564FCD028	PS2	USA	CHD v5	Direct CHD exact to LivBs member	EXACT_SHA256	Locally hashed; MComprHD; raw SHA1 D1CF585281A84C719148329C62EF61C94D51F803
G:\BEA ROMS\Manually Downloaded\Battle Engine Aquila - coolrom.com - PS2.7z		1434686468	NOT_MEASURED	PS2	Unknown	7z	Contains one claimed 3615948800-byte PS2 ISO plus mirror readme	CLAIMED_PROVENANCE	Filename and member listing only; 7z signature
G:\BEA ROMS\Manually Downloaded\Battle Engine Aquila (Europe) (En,Fr,De,Es,It) - coolrom.com - PS2.7z		1434711075	NOT_MEASURED	PS2	Europe	7z	Contains one claimed 3615948800-byte Europe PS2 ISO plus mirror readme	CLAIMED_PROVENANCE	Filename and member listing only; 7z signature
G:\BEA ROMS\Manually Downloaded\Battle Engine Aquila (USA) - romulation.org - PS2.7z		1330020372	NOT_MEASURED	PS2	USA	7z	Contains one claimed 3615948800-byte USA PS2 ISO	CLAIMED_PROVENANCE	Filename and member listing only; 7z signature
G:\BEA ROMS\Manually Downloaded\Battle Engine Aquila (USA) - vimm.net - PS2 - ISO.7z		1434604689	NOT_MEASURED	PS2	USA	7z	Contains one claimed 3615948800-byte USA PS2 ISO plus mirror readme	CLAIMED_PROVENANCE	Filename and member listing only; 7z signature
G:\BEA ROMS\Lore\08_Demo_Discs\playstation2welcomepackdemodisc_20210727\SCED_51486.iso		3090382848	6B13E36F104916ACCBD4CAFB199335F382147B8C2366C9BA781EE17B6B3D4ADE	PS2	Europe	Demo-disc ISO9660	Welcome Pack Bonus Demo 4 carrier; exact duplicate of standalone SCED-51486 copy	EXACT_SHA256	Locally hashed; Archive.org identifier playstation2welcomepackdemodisc_20210727
G:\BEA ROMS\Lore\08_Demo_Discs\sced-51486\SCED_51486 Demo Welcome Pack Bonus Demo 4\SCED_51486.ISO		3090382848	6B13E36F104916ACCBD4CAFB199335F382147B8C2366C9BA781EE17B6B3D4ADE	PS2	Europe	Demo-disc ISO9660	Standalone SCED-51486 carrier; exact duplicate of Welcome Pack copy	EXACT_SHA256	Locally hashed; Archive.org identifier sced-51486
G:\BEA ROMS\Lore\08_Demo_Discs\sced-51376\SCED_51376 ops2m germany 2003 01\SCED_51376.iso		4412604416	NOT_MEASURED	PS2	Germany	Demo-disc ISO9660	OPS2M 2003-01 carrier containing playable BEA demo	SOURCE_SIDECAR	Archive.org identifier sced-51376; outer SHA1 13aa3a7cf256d3d93b8eece43ef757bb27b46036
G:\BEA ROMS\Lore\08_Demo_Discs\sced-51566\SCED_51566 ops2m germany 2003 04\SCED_51566.iso		2730754048	NOT_MEASURED	PS2	Germany	Demo-disc ISO9660	OPS2M 2003-04 carrier containing playable BEA demo	SOURCE_SIDECAR	Archive.org identifier sced-51566; outer SHA1 970bb5d975ed4b86e65ac41eff48fb6c045803fc
G:\BEA ROMS\Lore\08_Demo_Discs\sced-51570\SCED_51570 ops2m germany 2003 08\SCED_51570.iso		3062005760	NOT_MEASURED	PS2	Germany	Demo-disc ISO9660	OPS2M 2003-08 carrier containing playable BEA demo	SOURCE_SIDECAR	Archive.org identifier sced-51570; outer SHA1 9d50511157c51180b499ea13573a805783da95fa
G:\BEA ROMS\Lore\08_Demo_Discs\sced-51376\SCED_51376 ops2m germany 2003 01\SCED_51376.iso	BEA/BEA.ELF	3671888	5700B5D0B39554E49AFE65E079AD8109FE6688C2AA5E6F0E0ED5AFCEFD034584	PS2	Demo	ISO9660 member ELF	Shared PS2 demo executable	EXACT_SHA256	tar stream hashed without persistent extraction
G:\BEA ROMS\Lore\08_Demo_Discs\sced-51376\SCED_51376 ops2m germany 2003 01\SCED_51376.iso	BEA/DATA0.NYO	290716828	6D503CA251A4B00A5EBCFA447036075F6B1D563C9F55EA7AB784E7DB4B6F3D3C	PS2	Demo	ISO9660 member NYO	Shared PS2 demo data package	EXACT_SHA256	tar stream hashed without persistent extraction
G:\BEA ROMS\Lore\08_Demo_Discs\sced-51486\SCED_51486 Demo Welcome Pack Bonus Demo 4\SCED_51486.ISO	BEA/BEA.ELF	3671888	5700B5D0B39554E49AFE65E079AD8109FE6688C2AA5E6F0E0ED5AFCEFD034584	PS2	Demo	ISO9660 member ELF	Shared PS2 demo executable	EXACT_SHA256	tar stream hashed without persistent extraction
G:\BEA ROMS\Lore\08_Demo_Discs\sced-51486\SCED_51486 Demo Welcome Pack Bonus Demo 4\SCED_51486.ISO	BEA/DATA0.NYO	290716828	6D503CA251A4B00A5EBCFA447036075F6B1D563C9F55EA7AB784E7DB4B6F3D3C	PS2	Demo	ISO9660 member NYO	Shared PS2 demo data package	EXACT_SHA256	tar stream hashed without persistent extraction
G:\BEA ROMS\Lore\08_Demo_Discs\sced-51566\SCED_51566 ops2m germany 2003 04\SCED_51566.iso	BEA/BEA.ELF	3671888	5700B5D0B39554E49AFE65E079AD8109FE6688C2AA5E6F0E0ED5AFCEFD034584	PS2	Demo	ISO9660 member ELF	Shared PS2 demo executable	EXACT_SHA256	tar stream hashed without persistent extraction
G:\BEA ROMS\Lore\08_Demo_Discs\sced-51566\SCED_51566 ops2m germany 2003 04\SCED_51566.iso	BEA/DATA0.NYO	290716828	6D503CA251A4B00A5EBCFA447036075F6B1D563C9F55EA7AB784E7DB4B6F3D3C	PS2	Demo	ISO9660 member NYO	Shared PS2 demo data package	EXACT_SHA256	tar stream hashed without persistent extraction
G:\BEA ROMS\Lore\08_Demo_Discs\sced-51570\SCED_51570 ops2m germany 2003 08\SCED_51570.iso	BEA/BEA.ELF	3671888	5700B5D0B39554E49AFE65E079AD8109FE6688C2AA5E6F0E0ED5AFCEFD034584	PS2	Demo	ISO9660 member ELF	Shared PS2 demo executable	EXACT_SHA256	tar stream hashed without persistent extraction
G:\BEA ROMS\Lore\08_Demo_Discs\sced-51570\SCED_51570 ops2m germany 2003 08\SCED_51570.iso	BEA/DATA0.NYO	290716828	6D503CA251A4B00A5EBCFA447036075F6B1D563C9F55EA7AB784E7DB4B6F3D3C	PS2	Demo	ISO9660 member NYO	Shared PS2 demo data package	EXACT_SHA256	tar stream hashed without persistent extraction
G:\BEA ROMS\Lore\08_Demo_Discs\playstation2welcomepackdemodisc_20210727\SCEE.iso		4641062912	NOT_MEASURED	PS2	Europe	Demo-disc ISO9660	Second Welcome Pack carrier; no BEA-named filesystem path found	SOURCE_SIDECAR	Archive.org sidecar SHA1 c6b63cb18e6b9d66f8857296121601da88ee25dc
G:\BEA ROMS\Lore\08_Demo_Discs\onyx_dvd_19\onyx-dvd-19-2-dvd-set\19 A.iso		4563501056	NOT_MEASURED	PC	Unknown	Third-party compilation ISO9660	Compilation carrier; no top-level BEA path found	LOW_PROVENANCE	Archive.org identifier onyx-dvd-19-2-dvd-set; outer SHA1 88fb48ca87c514be4728fb0687bdb87807f3e260
G:\BEA ROMS\Lore\08_Demo_Discs\onyx_dvd_19\onyx-dvd-19-2-dvd-set\19 B.iso		4551704576	NOT_MEASURED	PC	Unknown	Third-party compilation ISO9660	Compilation metadata mentions BEA as an ISO game; no top-level BEA path found	LOW_PROVENANCE	Archive.org identifier onyx-dvd-19-2-dvd-set; outer SHA1 a189ed200c3afd4769a5ded97315cbaec1ac5c87
G:\BEA ROMS\Lore\08_Demo_Discs\le-magazine-officiel-xbox-le-dvd-numero-7-microsoft-xbox-france\SEP13011042072.iso		7825162240	NOT_MEASURED	Xbox	France	DVD9 full-disc image	October 2002 magazine carrier explicitly listing playable BEA demo	SOURCE_SIDECAR	Archive.org identifier le-magazine-officiel-xbox-le-dvd-numero-7-microsoft-xbox-france; outer SHA1 8261ad70d09995052a0fb4a4aedeaeaaf26d6085
G:\BEA ROMS\Lore\08_Demo_Discs\le-magazine-officiel-xbox-le-dvd-numero-11-microsoft-xbox-france\SEP13011042072.iso		7825162240	NOT_MEASURED	Xbox	France	DVD9 full-disc image	January 2003 magazine carrier explicitly listing playable BEA demo	SOURCE_SIDECAR	Archive.org identifier le-magazine-officiel-xbox-le-dvd-numero-11-microsoft-xbox-france; outer SHA1 dcb154d1e2bfcdca39eb9822fd09ec32b2f26dc8
G:\BEA ROMS\Lore\11_Misc_Collections\BattleEngineAquila-LivBs\Xbox\Battle Engine Aquila (Europe) (En,Fr,De,Es,It) iso.zip		5812748831	NOT_MEASURED	Xbox	Europe	ZIP containing full-disc image	Claimed Europe full Xbox disc	SOURCE_SIDECAR	Archive.org identifier BattleEngineAquila-LivBs; outer SHA1 2d421dc579868812c99233739720887fbe919f5e
G:\BEA ROMS\Lore\11_Misc_Collections\BattleEngineAquila-LivBs\Xbox\Battle Engine Aquila (Korea) iso.zip		5812739807	NOT_MEASURED	Xbox	Korea	ZIP containing full-disc image	Claimed Korea full Xbox disc	SOURCE_SIDECAR	Archive.org identifier BattleEngineAquila-LivBs; outer SHA1 23679e0595ea740f491d0e62057eed4fdc9b10a7
G:\BEA ROMS\Lore\11_Misc_Collections\BattleEngineAquila-LivBs\Xbox\Battle Engine Aquila (USA) iso.zip		5812739801	NOT_MEASURED	Xbox	USA	ZIP containing full-disc image	Claimed USA full Xbox disc	SOURCE_SIDECAR	Archive.org identifier BattleEngineAquila-LivBs; outer SHA1 a8ac18002d0bc2fa080b27fcda1f7b3277758e9d
G:\BEA ROMS\Lore\11_Misc_Collections\BattleEngineAquila-LivBs\Xbox\Battle Engine Aquila (Europe) (En,Fr,De,Es,It) xbe.zip		1943450632	NOT_MEASURED	Xbox	Europe	ZIP extracted filesystem	Europe extracted-game archive; 3823 files	SOURCE_SIDECAR	Archive.org identifier BattleEngineAquila-LivBs; outer SHA1 e0e84c2805be1d6f934963153adec9cc7b3bd804
G:\BEA ROMS\Lore\11_Misc_Collections\BattleEngineAquila-LivBs\Xbox\Battle Engine Aquila (Korea) xbe.zip		1943312011	NOT_MEASURED	Xbox	Korea	ZIP extracted filesystem	Korea extracted-game archive; 3823 files	SOURCE_SIDECAR	Archive.org identifier BattleEngineAquila-LivBs; outer SHA1 adc5fc00d13e291976e77c5f39edf42aa49b451a
G:\BEA ROMS\Lore\11_Misc_Collections\BattleEngineAquila-LivBs\Xbox\Battle Engine Aquila (USA) xbe.zip		1943296611	NOT_MEASURED	Xbox	USA	ZIP extracted filesystem	USA extracted-game archive; 3823 files	SOURCE_SIDECAR	Archive.org identifier BattleEngineAquila-LivBs; outer SHA1 5cf6bb9033f499a6b1084660cdbf8ad2cd68b5e1
G:\BEA ROMS\Lore\11_Misc_Collections\BattleEngineAquila-LivBs\Xbox\Battle Engine Aquila (Europe) (En,Fr,De,Es,It) xbe.zip	Default.xbe	2973696	266387500A056752F45301A03772FA57FDC747CF0EDA46D39BBB915C5DB2F234	Xbox	Europe	ZIP member XBE	Europe executable; distinct from Korea and USA	EXACT_SHA256	ZipArchive member stream hashed without persistent extraction
G:\BEA ROMS\Lore\11_Misc_Collections\BattleEngineAquila-LivBs\Xbox\Battle Engine Aquila (Korea) xbe.zip	default.xbe	2973696	E8DCF2626CDF8EFAA863DB6B74A964BB54B20A58444A3DEDF088C3E4CA2C3BE9	Xbox	Korea	ZIP member XBE	Korea executable; distinct from Europe and USA	EXACT_SHA256	ZipArchive member stream hashed without persistent extraction
G:\BEA ROMS\Lore\11_Misc_Collections\BattleEngineAquila-LivBs\Xbox\Battle Engine Aquila (USA) xbe.zip	default.xbe	2973696	E8ADC9D6940AE1A5FA9FAC0FE28E398BFFFD01758C2740A536B930C37C83985B	Xbox	USA	ZIP member XBE	USA executable; distinct from Europe and Korea	EXACT_SHA256	ZipArchive member stream hashed without persistent extraction
G:\BEA ROMS\Lore\11_Misc_Collections\BattleEngineAquila-LivBs\Xbox\Battle Engine Aquila (Europe) (En,Fr,De,Es,It) xbe.zip	data/resources/612_res_xbox.aya	23311449	D6FE7C8952BC66A58F046761EFBE481D3797B77A2DD05F0CE9D5679FF36F9AFF	Xbox	Europe	ZIP member AYA	Europe-specific content variant	EXACT_SHA256	CRC triage followed by member SHA256
G:\BEA ROMS\Lore\11_Misc_Collections\BattleEngineAquila-LivBs\Xbox\Battle Engine Aquila (Korea) xbe.zip	data/resources/612_res_xbox.aya	23311449	61ADFFEAC37C9F17548F6BFE980A7EF4236EF0565FD68DB796878D1925CD73EC	Xbox	Korea	ZIP member AYA	Exact Korea/USA common content	EXACT_SHA256	CRC triage followed by member SHA256
G:\BEA ROMS\Lore\11_Misc_Collections\BattleEngineAquila-LivBs\Xbox\Battle Engine Aquila (USA) xbe.zip	data/resources/612_res_xbox.aya	23311449	61ADFFEAC37C9F17548F6BFE980A7EF4236EF0565FD68DB796878D1925CD73EC	Xbox	USA	ZIP member AYA	Exact Korea/USA common content	EXACT_SHA256	CRC triage followed by member SHA256
G:\BEA ROMS\Lore\11_Misc_Collections\BattleEngineAquila-LivBs\Xbox\Battle Engine Aquila (Europe) (En,Fr,De,Es,It) xbe.zip	data/resources/856_res_xbox.aya	18595749	917FD88C6D2AE5368F4DEBBEE588C9F9604CEB0D99B0AF3AE68B3B021BF1379A	Xbox	Europe	ZIP member AYA	Europe-specific content variant	EXACT_SHA256	CRC triage followed by member SHA256
G:\BEA ROMS\Lore\11_Misc_Collections\BattleEngineAquila-LivBs\Xbox\Battle Engine Aquila (Korea) xbe.zip	data/resources/856_res_xbox.aya	18595749	2292BADD90639DCE3BF5F55772367332708866EC0F7001C632C70B3C8B63CF4E	Xbox	Korea	ZIP member AYA	Exact Korea/USA common content	EXACT_SHA256	CRC triage followed by member SHA256
G:\BEA ROMS\Lore\11_Misc_Collections\BattleEngineAquila-LivBs\Xbox\Battle Engine Aquila (USA) xbe.zip	data/resources/856_res_xbox.aya	18595749	2292BADD90639DCE3BF5F55772367332708866EC0F7001C632C70B3C8B63CF4E	Xbox	USA	ZIP member AYA	Exact Korea/USA common content	EXACT_SHA256	CRC triage followed by member SHA256
G:\BEA ROMS\Lore\11_Misc_Collections\BattleEngineAquila-LivBs\Xbox\Battle Engine Aquila (Europe) (En,Fr,De,Es,It) xbe.zip	data/resources/863_res_xbox.aya	23872292	037507E5A767B0302ED6BD836345AC6902DFA073475639047934EF9CB3B89222	Xbox	Europe	ZIP member AYA	Europe-specific content variant	EXACT_SHA256	CRC triage followed by member SHA256
G:\BEA ROMS\Lore\11_Misc_Collections\BattleEngineAquila-LivBs\Xbox\Battle Engine Aquila (Korea) xbe.zip	data/resources/863_res_xbox.aya	23872292	C21666D11F5A301457C426EC0FF89201B55012968737CC93E14B57E88E85A584	Xbox	Korea	ZIP member AYA	Exact Korea/USA common content	EXACT_SHA256	CRC triage followed by member SHA256
G:\BEA ROMS\Lore\11_Misc_Collections\BattleEngineAquila-LivBs\Xbox\Battle Engine Aquila (USA) xbe.zip	data/resources/863_res_xbox.aya	23872292	C21666D11F5A301457C426EC0FF89201B55012968737CC93E14B57E88E85A584	Xbox	USA	ZIP member AYA	Exact Korea/USA common content	EXACT_SHA256	CRC triage followed by member SHA256
G:\BEA ROMS\Lore\11_Misc_Collections\BattleEngineAquila-LivBs\Xbox\Battle Engine Aquila (Europe) (En,Fr,De,Es,It) xbe.zip	data/resources/goodie_124_res_xbox.aya	1066220	0E6117C1295DDDE322B8AC85AA98704215165B4A341A369646D053B5C36BEFA8	Xbox	Europe	ZIP member AYA	Europe-specific content variant	EXACT_SHA256	CRC triage followed by member SHA256
G:\BEA ROMS\Lore\11_Misc_Collections\BattleEngineAquila-LivBs\Xbox\Battle Engine Aquila (Korea) xbe.zip	data/resources/goodie_124_res_xbox.aya	1066220	31558308CEF835207C600406AF683CA63DFCB1192828B3B35970B705FCB469B4	Xbox	Korea	ZIP member AYA	Exact Korea/USA common content	EXACT_SHA256	CRC triage followed by member SHA256
G:\BEA ROMS\Lore\11_Misc_Collections\BattleEngineAquila-LivBs\Xbox\Battle Engine Aquila (USA) xbe.zip	data/resources/goodie_124_res_xbox.aya	1066220	31558308CEF835207C600406AF683CA63DFCB1192828B3B35970B705FCB469B4	Xbox	USA	ZIP member AYA	Exact Korea/USA common content	EXACT_SHA256	CRC triage followed by member SHA256
G:\BEA ROMS\Lore\11_Misc_Collections\BattleEngineAquila-LivBs\Xbox\Battle Engine Aquila (Europe) (En,Fr,De,Es,It) xbe.zip	data/video/cutscenes/24.bik	26801000	37501D47F96858DC969538FF05CD187B918A85C01FFAC6C95245186EC7823C1C	Xbox	Europe	ZIP member BIK	Europe-specific cutscene variant	EXACT_SHA256	CRC triage followed by member SHA256
G:\BEA ROMS\Lore\11_Misc_Collections\BattleEngineAquila-LivBs\Xbox\Battle Engine Aquila (Korea) xbe.zip	data/video/cutscenes/24.bik	26801000	250FA6B09C9078220BF52B6154E83FFFE796DA32BC5FFE29F158187B4F500B3B	Xbox	Korea	ZIP member BIK	Exact Korea/USA common cutscene	EXACT_SHA256	CRC triage followed by member SHA256
G:\BEA ROMS\Lore\11_Misc_Collections\BattleEngineAquila-LivBs\Xbox\Battle Engine Aquila (USA) xbe.zip	data/video/cutscenes/24.bik	26801000	250FA6B09C9078220BF52B6154E83FFFE796DA32BC5FFE29F158187B4F500B3B	Xbox	USA	ZIP member BIK	Exact Korea/USA common cutscene	EXACT_SHA256	CRC triage followed by member SHA256
G:\BEA ROMS\Lore\11_Misc_Collections\BattleEngineAquila-LivBs\Xbox\Battle Engine Aquila (Europe) (En,Fr,De,Es,It) xbe.zip	data/Battle Engine Configurations.dat	1514	58722B12A04CAE97AD2163ACB2CC2C1699F95A0688318BD8A86696714D94454A	Xbox	Europe	ZIP member DAT	Sampled configuration common to all three regions	EXACT_SHA256	ZipArchive member stream hashed
G:\BEA ROMS\Lore\11_Misc_Collections\BattleEngineAquila-LivBs\Xbox\Battle Engine Aquila (Korea) xbe.zip	data/Battle Engine Configurations.dat	1514	58722B12A04CAE97AD2163ACB2CC2C1699F95A0688318BD8A86696714D94454A	Xbox	Korea	ZIP member DAT	Sampled configuration common to all three regions	EXACT_SHA256	ZipArchive member stream hashed
G:\BEA ROMS\Lore\11_Misc_Collections\BattleEngineAquila-LivBs\Xbox\Battle Engine Aquila (USA) xbe.zip	data/Battle Engine Configurations.dat	1514	58722B12A04CAE97AD2163ACB2CC2C1699F95A0688318BD8A86696714D94454A	Xbox	USA	ZIP member DAT	Sampled configuration common to all three regions	EXACT_SHA256	ZipArchive member stream hashed
G:\BEA ROMS\Lore\11_Misc_Collections\BattleEngineAquila-LivBs\Xbox\Battle Engine Aquila (Europe) (En,Fr,De,Es,It) xbe.zip	data/Default Physics.dat	175603	E1FB3DEDBEB29B4B4151DA2C8CBBDC940B716B1A2321E1D6A9BA1542C74ADA14	Xbox	Europe	ZIP member DAT	Sampled physics data common to all three regions	EXACT_SHA256	ZipArchive member stream hashed
G:\BEA ROMS\Lore\11_Misc_Collections\BattleEngineAquila-LivBs\Xbox\Battle Engine Aquila (Korea) xbe.zip	data/Default Physics.dat	175603	E1FB3DEDBEB29B4B4151DA2C8CBBDC940B716B1A2321E1D6A9BA1542C74ADA14	Xbox	Korea	ZIP member DAT	Sampled physics data common to all three regions	EXACT_SHA256	ZipArchive member stream hashed
G:\BEA ROMS\Lore\11_Misc_Collections\BattleEngineAquila-LivBs\Xbox\Battle Engine Aquila (USA) xbe.zip	data/Default Physics.dat	175603	E1FB3DEDBEB29B4B4151DA2C8CBBDC940B716B1A2321E1D6A9BA1542C74ADA14	Xbox	USA	ZIP member DAT	Sampled physics data common to all three regions	EXACT_SHA256	ZipArchive member stream hashed
G:\BEA ROMS\Lore\11_Misc_Collections\BattleEngineAquila-LivBs\Xbox\Battle Engine Aquila (Europe) (En,Fr,De,Es,It) xbe.zip	data/language/american.dat	274043	0F7129AEF391A298C61748E069C4B363456ED1ABD6C4F8548FFFC4A9206E8DB0	Xbox	Europe	ZIP member DAT	Sampled language data common to all three regions	EXACT_SHA256	ZipArchive member stream hashed
G:\BEA ROMS\Lore\11_Misc_Collections\BattleEngineAquila-LivBs\Xbox\Battle Engine Aquila (Korea) xbe.zip	data/language/american.dat	274043	0F7129AEF391A298C61748E069C4B363456ED1ABD6C4F8548FFFC4A9206E8DB0	Xbox	Korea	ZIP member DAT	Sampled language data common to all three regions	EXACT_SHA256	ZipArchive member stream hashed
G:\BEA ROMS\Lore\11_Misc_Collections\BattleEngineAquila-LivBs\Xbox\Battle Engine Aquila (USA) xbe.zip	data/language/american.dat	274043	0F7129AEF391A298C61748E069C4B363456ED1ABD6C4F8548FFFC4A9206E8DB0	Xbox	USA	ZIP member DAT	Sampled language data common to all three regions	EXACT_SHA256	ZipArchive member stream hashed
G:\BEA ROMS\Lore\11_Misc_Collections\BattleEngineAquila-LivBs\Xbox\Battle Engine Aquila (Europe) (En,Fr,De,Es,It) xbe.zip	data/language/english.dat	274219	B6900E348FAEEC4C8EB294F96F9FD1BE55368A8CEED21F0082203604C3067D79	Xbox	Europe	ZIP member DAT	Sampled language data common to all three regions	EXACT_SHA256	ZipArchive member stream hashed
G:\BEA ROMS\Lore\11_Misc_Collections\BattleEngineAquila-LivBs\Xbox\Battle Engine Aquila (Korea) xbe.zip	data/language/english.dat	274219	B6900E348FAEEC4C8EB294F96F9FD1BE55368A8CEED21F0082203604C3067D79	Xbox	Korea	ZIP member DAT	Sampled language data common to all three regions	EXACT_SHA256	ZipArchive member stream hashed
G:\BEA ROMS\Lore\11_Misc_Collections\BattleEngineAquila-LivBs\Xbox\Battle Engine Aquila (USA) xbe.zip	data/language/english.dat	274219	B6900E348FAEEC4C8EB294F96F9FD1BE55368A8CEED21F0082203604C3067D79	Xbox	USA	ZIP member DAT	Sampled language data common to all three regions	EXACT_SHA256	ZipArchive member stream hashed
G:\BEA ROMS\Manually Downloaded\Battle Engine Aquila (USA) - vimm.net - Xbox - ISO.7z		1304654245	C58DD037CA6AA9BAEC9C58B65D1EA30ED305DA86BCA8E3E78FE7E2E38B31A959	Xbox	USA	7z	Exact duplicate outer archive despite ISO label	EXACT_SHA256	Locally hashed; 7z signature
G:\BEA ROMS\Manually Downloaded\Battle Engine Aquila (USA) - vimm.net - Xbox - XISO.7z		1304654245	C58DD037CA6AA9BAEC9C58B65D1EA30ED305DA86BCA8E3E78FE7E2E38B31A959	Xbox	USA	7z	Exact duplicate outer archive; XISO label is more accurate	EXACT_SHA256	Locally hashed; 7z signature
G:\BEA ROMS\Manually Downloaded\Battle Engine Aquila (USA) - vimm.net - Xbox - XISO.7z	Battle Engine Aquila (USA).xiso.iso	3034054656	598095EFA15E450F51B42EF81DEA85F5DDE0FE678B00BD9BFE88FD3770F1FA18	Xbox	USA	7z member XISO	USA trimmed/XISO logical object	EXACT_SHA256	tar stream hashed without persistent extraction
G:\BEA ROMS\Manually Downloaded\Battle Engine Aquila (USA) - vimm.net - Xbox - ISO.7z	Battle Engine Aquila (USA).xiso.iso	3034054656	598095EFA15E450F51B42EF81DEA85F5DDE0FE678B00BD9BFE88FD3770F1FA18	Xbox	USA	7z member XISO	Same member inherited from exact outer-container identity	DERIVED_EXACT	Outer archives are byte-identical; member list is identical; companion archive member was streamed and hashed
G:\BEA ROMS\Manually Downloaded\Battle Engine Aquila (USA) - romsfun.com - Xbox - XISO.7z		1374210817	NOT_MEASURED	Xbox	USA	7z	Different outer archive containing same USA XISO	EXACT_MEMBER_ONLY	Outer size differs from Vimm; outer SHA256 not measured
G:\BEA ROMS\Manually Downloaded\Battle Engine Aquila (USA) - romsfun.com - Xbox - XISO.7z	Battle Engine Aquila (USA).iso	3034054656	598095EFA15E450F51B42EF81DEA85F5DDE0FE678B00BD9BFE88FD3770F1FA18	Xbox	USA	7z member XISO	Exact same logical XISO as Vimm member	EXACT_SHA256	Complete isolated rerun after an interrupted paired stream
G:\BEA ROMS\Manually Downloaded\Battle Engine Aquila (E) (En,Fr,De,Es,It) - romulation.org - Xbox.7z		5265851760	NOT_MEASURED	Xbox	Europe	7z containing full-disc image	Claimed Europe 7825162240-byte full-disc ISO	CLAIMED_PROVENANCE	Filename and member listing only; 7z signature
G:\BEA ROMS\Manually Downloaded\Battle Engine Aquila (Europe) (En,Fr,De,Es,It) - romsfun.com - Xbox - XISO.7z		1374240806	NOT_MEASURED	Xbox	Europe	7z containing XISO	Claimed Europe 3034054656-byte XISO	CLAIMED_PROVENANCE	Filename and member listing only; 7z signature
G:\BEA ROMS\Manually Downloaded\Battle Engine Aquila (South Korea) - romulation.org - Xbox.7z		5262658988	NOT_MEASURED	Xbox	Korea	7z containing full-disc image	Claimed Korea 7825162240-byte full-disc ISO	CLAIMED_PROVENANCE	Filename and member listing only; 7z signature
G:\BEA ROMS\Manually Downloaded\Battle Engine Aquila (South Korea) - romsfun.com - Xbox - XISO.7z		1374208534	NOT_MEASURED	Xbox	Korea	7z containing XISO	Claimed Korea 3034054656-byte XISO	CLAIMED_PROVENANCE	Filename and member listing only; 7z signature
G:\BEA ROMS\Manually Downloaded\Battle Engine Aquila (USA) - romulation.org - Xbox.7z		5262658979	NOT_MEASURED	Xbox	USA	7z containing full-disc image	Claimed USA 7825162240-byte full-disc ISO	CLAIMED_PROVENANCE	Filename and member listing only; 7z signature
G:\BEA ROMS\Lore\11_Misc_Collections\BattleEngineAquila-LivBs\Windows\Installers\Battle Engine Aquila (RU) iso [pass protected].zip		728424252	NOT_MEASURED	PC	Russia	Encrypted ZIP containing nested archive	Claimed Russian ISO distribution candidate	SOURCE_SIDECAR	Archive.org identifier BattleEngineAquila-LivBs; outer SHA1 0f4efbc38dd7d94587faddc86c8a5db744c09b37
G:\BEA ROMS\Lore\11_Misc_Collections\BattleEngineAquila-LivBs\Windows\Installers\Battle Engine Aquila GOG Setup [pass protected].zip		768864601	NOT_MEASURED	PC	GOG	Encrypted ZIP containing nested archive	Claimed GOG installer distribution candidate	SOURCE_SIDECAR	Archive.org identifier BattleEngineAquila-LivBs; outer SHA1 224726165009fd9a03c800f4630a87947f4d291f
G:\BEA ROMS\Lore\11_Misc_Collections\BattleEngineAquila-LivBs\Windows\Installers\Battle Engine Aquila Retail (EUR) [pass protected].zip		687884149	NOT_MEASURED	PC	Europe	Encrypted ZIP containing nested archive	Claimed Europe retail distribution candidate	SOURCE_SIDECAR	Archive.org identifier BattleEngineAquila-LivBs; outer SHA1 ee5ceed6ef0f9cf145f13f70adede522dc9b7357
G:\BEA ROMS\Lore\11_Misc_Collections\BattleEngineAquila-LivBs\Windows\RIPs\Battle Engine Aquila (EN, FR, DE, ES, IT) [pass protected].zip		547349471	NOT_MEASURED	PC	Europe	Encrypted ZIP containing nested archive	Claimed multilingual RIP candidate	SOURCE_SIDECAR	Archive.org identifier BattleEngineAquila-LivBs; outer SHA1 15735556df5bc28fab2bbda8c258f656ed128870
G:\BEA ROMS\Lore\11_Misc_Collections\BattleEngineAquila-LivBs\Windows\RIPs\Battle Engine Aquila (RU) [pass protected].zip		575856481	NOT_MEASURED	PC	Russia	Encrypted ZIP containing nested archive	Claimed Russian RIP candidate	SOURCE_SIDECAR	Archive.org identifier BattleEngineAquila-LivBs; outer SHA1 d98dc2d7dfd2ebf8163ca61f82bb38f7bab45137
G:\BEA ROMS\Lore\11_Misc_Collections\BattleEngineAquila-LivBs\Windows\RU locale and EN backup.zip		145580	NOT_MEASURED	PC	Russia and English	ZIP	Locale pair containing 302807-byte RU and 279933-byte EN language files	SOURCE_SIDECAR	Archive.org identifier BattleEngineAquila-LivBs; outer SHA1 8f5c6e42086508921447d066dc40eac00497b223
