entry	expectedRanges	expectedBodyBytes	expectedRangeDigest	expectedBodyBytesSha256	expectedInstructionCount	expectedIsThunk	expectedThunkTarget	forbiddenEntries	residualEntityKeys	questionIds	contractIds	promotionLane
0x004010e0	0x004010e0-0x004011a3	195	4dfb55c435f7b17a91aa18844cb9e983f5171208f2938acb6a822ee788e6fd7c	d6ea6e10cbe80e1d5c20c903efa2c1414481672a83b1130f04edc4f59d368cda	36	false		0x005d0ad6;0x005d0aea	CRT22_P0_004010E0	Q_CRT23_BOUNDARY_004010E0	BOUNDARY_ONLY	CRT22_P0_SCRATCH_ONLY
0x0040f500	0x0040f500-0x0040f51f	31	3c65f7b89967a6440e22f103dad0dbe5ccb8d4893639c8218c7333c94d44728c	c01007ca5bc52447b88cd3faa07fabc6ed619afc2c8133145fc261e18d0a953d	9	false			CRT22_P0_0040F500	Q_CRT23_BOUNDARY_0040F500	BOUNDARY_ONLY	CRT22_P0_SCRATCH_ONLY
0x004239e0	0x004239e0-0x004239e1	1	c9b9ce26253dfa933e6e2c9ba1f99695beea9b340c65a556a62edbbb8232cd60	ae3f4619b0413d70d3004b9131c3752153074e45725be13b9a148978895e359e	1	false			CRT22_P0_004239E0	Q_CRT23_BOUNDARY_004239E0	BOUNDARY_ONLY	CRT22_P0_SCRATCH_ONLY
0x0045ac20	0x0045ac20-0x0045ac25	5	45abb22952e7034925d099168f671bc654281bb5462e5206c449c8071d4b03d3	ec7d2aa54ab353ae3e298f2752ca2bce4eae1ebdb8c1ddeefde03cd044576859	1	true	0x0045ac30		CRT22_P0_0045AC20	Q_CRT23_BOUNDARY_0045AC20	BOUNDARY_ONLY	CRT22_P0_SCRATCH_ONLY
0x00491890	0x00491890-0x004918fb	107	09eef90ca160f12c76200b0e95f15c43d077ae3f8f394e1b92d8ed8ab6e3d6bb	721a247692e68e83461387eae11d26e62012eb8998ce67eb1eb8066fbd4e39f8	32	false			CRT22_P0_00491890	Q_CRT23_BOUNDARY_00491890	BOUNDARY_ONLY	CRT22_P0_SCRATCH_ONLY
0x004bc1c0	0x004bc1c0-0x004bc1df	31	5245f8d040d27f7314cbc7ed363829ff3ccd655dd58bcdcddb6a474e1c27fda4	f20e007d0f91140b1d3d2801c23e8d4cef1d4a139d2afbb3bbb9a6d86056098d	9	false			CRT22_P0_004BC1C0	Q_CRT23_BOUNDARY_004BC1C0	BOUNDARY_ONLY	CRT22_P0_SCRATCH_ONLY
0x004befc0	0x004befc0-0x004bf083	195	c6898a23dc593622f944a7c92e1ffa724491c09ed373efd2b35e14e7652ffcd6	9c2da67b8db7f48db804573b282eddf444903c811e165fe4298431e61cbb1c32	36	false			CRT22_P0_004BEFC0	Q_CRT23_BOUNDARY_004BEFC0	BOUNDARY_ONLY	CRT22_P0_SCRATCH_ONLY
0x004cbfe0	0x004cbfe0-0x004cbfe1	1	7a11ced8bc03f73bcb079170376f696048cbe7faa1a12de37b1f0c48729487c8	ae3f4619b0413d70d3004b9131c3752153074e45725be13b9a148978895e359e	1	false			CRT22_P0_004CBFE0	Q_CRT23_BOUNDARY_004CBFE0	BOUNDARY_ONLY	CRT22_P0_SCRATCH_ONLY
0x00505940	0x00505940-0x0050595f	31	51e4444255ac65866c521b21d889cb04ebb31b3b39d9dc92dbaa89c11afc5bdf	8b2e88376a2080b2865f0d8513b58a954dbffdc3769e3ce65afd9d8418b526de	9	false			CRT22_P0_00505940	Q_CRT23_BOUNDARY_00505940	BOUNDARY_ONLY	CRT22_P0_SCRATCH_ONLY
0x0050d980	0x0050d980-0x0050d99f	31	b0587e19d73a957356009505ae0fdf77a2fe03f3c217516e1ed20ff3608f2156	9b1d74b40dbac1493b51454a2689893732e9ef1829ac37c38d2f7ae64eca2a57	9	false			CRT22_P0_0050D980	Q_CRT23_BOUNDARY_0050D980	BOUNDARY_ONLY	CRT22_P0_SCRATCH_ONLY
0x0051a230	0x0051a230-0x0051a265	53	ec161089bacab8196a9366d3d5385e012297a7daaa079c75530c8664f107be2b	4a811fd10d9863160223d0a3f5b3d99a4113d6c8efb24ecaf6707189779a6f86	15	false			CRT22_P0_0051A230	Q_CRT23_BOUNDARY_0051A230	BOUNDARY_ONLY	CRT22_P0_SCRATCH_ONLY
0x00541d20	0x00541d20-0x00541d21	1	9d1c0b783eea1c439fb0a2a9c04ecaedc84098a93b56738db5626f3484910262	ae3f4619b0413d70d3004b9131c3752153074e45725be13b9a148978895e359e	1	false			CRT22_P0_00541D20	Q_CRT23_BOUNDARY_00541D20	BOUNDARY_ONLY	CRT22_P0_SCRATCH_ONLY
0x00542710	0x00542710-0x0054271a;0x00542720-0x00542736	32	f0f8f544b4fc3bdad54cb818a519db949906caf2b798bf0a5cdee84f96f1f2b3	cdc88702c69f4171d35d7aa3d4283ef7f788c74dfe7873783496e7e3572f7356	9	false		0x00542720	CRT22_P0_00542710	Q_CRT23_BOUNDARY_00542710	BOUNDARY_ONLY	CRT22_P0_SCRATCH_ONLY
0x005445f0	0x005445f0-0x005445fa	10	7d639dec0165a60d0e8fdea38333d9fdea7af710d061d2bb1ee38629bb8f7e2a	b1bf60dea54528dd533d86cc125d1ee4d137a62e777a80b222fcc2f365f2b3ff	2	false			CRT22_P0_005445F0	Q_CRT23_BOUNDARY_005445F0	BOUNDARY_ONLY	CRT22_P0_SCRATCH_ONLY
0x005446e0	0x005446e0-0x005446ff	31	cebe7a4ecfcdb921c4473aac8de6d203c9737dbd853921741132723cddefd95e	83ff4e89f3102ff7c24a871af4e4cdf267eacea239aa0c773ba01214e515eba4	9	false			CRT22_P0_005446E0	Q_CRT23_BOUNDARY_005446E0	BOUNDARY_ONLY	CRT22_P0_SCRATCH_ONLY
0x00550300	0x00550300-0x0055031f	31	7f5976a1b81631d38255181217605c1348a7dde5c01729cb5ea7ceb1b4193bc5	e0b748fbf8c5ae966100f618178dac2a942703a8bf92989be47ab9af753044f6	8	false			CRT22_P0_00550300	Q_CRT23_BOUNDARY_00550300	BOUNDARY_ONLY	CRT22_P0_SCRATCH_ONLY
0x00550860	0x00550860-0x0055086a	10	c6f79c1c6b36b6d91a29f3d00eb824c9eab42b7d1bbe91d31eaa48744b42d682	0b8baccaf0eb8a106d2891f25271466ac7c6bafd7c4de44c456a4cab803c9ef3	2	false			CRT22_P0_00550860	Q_CRT23_BOUNDARY_00550860	BOUNDARY_ONLY	CRT22_P0_SCRATCH_ONLY
0x0055dbe8	0x0055dbe8-0x0055dbfe	22	16ae2012d4f52152abd9ca56595d9151fe5dc69805766bcd132b0144a59b527b	9d553e507340a030bb4097bb4cd854c224de655d8c42af1c588ff4f7fc12ddb0	7	false			CRT22_P0_0055DBE8	Q_CRT23_BOUNDARY_0055DBE8	BOUNDARY_ONLY	CRT22_P0_SCRATCH_ONLY
0x0055fe12	0x0055fe12-0x0055fe26	20	d17a4f1bcd67e9a0b937964fc798a0034999f963430f1719084b150b0598a07c	b6f296d9985d644c208481e014cf8b612d51036234be2ba8a690db3a395aa5e5	5	false			CRT22_P0_0055FE12	Q_CRT23_BOUNDARY_0055FE12	BOUNDARY_ONLY	CRT22_P0_SCRATCH_ONLY
0x0056085b	0x0056085b-0x00560885	42	11c527e50d6761b4fcb576cc41b9914a1d11e4233319a29f08956521eb20f789	f0f5dbe69fb310efa0038c2524f469faee972ea0f54294bdd15eae978c1fc0ee	15	false			CRT22_P0_0056085B	Q_CRT23_BOUNDARY_0056085B	BOUNDARY_ONLY	CRT22_P0_SCRATCH_ONLY
0x00564bfc	0x00564bfc-0x00564c09	13	a6abcbcc0f9cca57bf76846c7e4a1dd012bdd7ac81de78d5a9935bb06041ea95	3def9574ab70d0cd8ff9f03e427eafd8f3e1f60114172df720dd56add69d879e	3	false			CRT22_P0_00564BFC	Q_CRT23_BOUNDARY_00564BFC	BOUNDARY_ONLY	CRT22_P0_SCRATCH_ONLY
0x00568af5	0x00568af5-0x00568b76	129	3266625557c9107d0e39fa42fd2a0eb7dc0615d3a1759bb64fa343b8a6c0fc98	a02b69f56e42b3149f19d1011be3426eb6849f77d576c270a41b5de075067c28	49	false			CRT22_P0_00568AF5	Q_CRT23_BOUNDARY_00568AF5	BOUNDARY_ONLY	CRT22_P0_SCRATCH_ONLY
0x005d0c12	0x005d0c12-0x005d0c7f	109	a196f0426fe697214f9d41a1b4b850f4f922297e3f0cce57c2bcaf5d71824631	bd37016ae5a7fabf348d9d2ed5859c28b2858c128a8362dd1bc589b931990756	44	false			CRT22_P0_005D0C12	Q_CRT23_BOUNDARY_005D0C12	BOUNDARY_ONLY	CRT22_P0_SCRATCH_ONLY
