rank	retail_va	identity_status	safe_name_candidate	cohort	source	provider_identity_candidate	direct_defined_data_ref	reference_rows	gap_start	gap_end_exclusive	body_ranges	body_bytes	instruction_count	body_sha256	normalized_sha256	terminal_kinds	external_transfers	demo_va	demo_candidates	demo_basis	demo_normalized_equal	demo_raw_equal	already_prepared_receipt
P2	0x00422370	BOUNDARY_ONLY_CONSERVATIVE_NAME_REQUIRED		CRT_INITIALIZER	g_InitFuncTable		true	1	0x0042236F	0x00422440	0x00422370-0x00422433	195	36	0267a4e4bce96c52d9d289056be1fa627cea60c3ff7ed3ab5ef914a66afccdc6	65f64a200746babbe5e95dab9f71b7c42a5302106bb4ac606ea420f72eb14b17	ret		0x00422320	271	EQUAL_DELTA_BRACKET_FULL_NORMALIZED_BODY	true	false	false
P2	0x0044AEA0	BOUNDARY_ONLY_CONSERVATIVE_NAME_REQUIRED		CRT_INITIALIZER	g_InitFuncTable		true	1	0x0044AE9F	0x0044AF70	0x0044AEA0-0x0044AF63	195	36	ca5c980a3a234e9315f3f371d1755a3ff6c0b605e4fe282b7f18428fc45cf825	65f64a200746babbe5e95dab9f71b7c42a5302106bb4ac606ea420f72eb14b17	ret		0x0044AF50	271	EQUAL_DELTA_BRACKET_FULL_NORMALIZED_BODY	true	false	false
P2	0x00457F80	BOUNDARY_ONLY_CONSERVATIVE_NAME_REQUIRED		CRT_INITIALIZER	g_InitFuncTable		true	1	0x00457F7F	0x00458050	0x00457F80-0x00458043	195	36	141d406a35fb6d52a3f319b5bf87e31ad41c4b21abb7eb9190cb90b718b41ad7	65f64a200746babbe5e95dab9f71b7c42a5302106bb4ac606ea420f72eb14b17	ret		0x00457FA0	271	EQUAL_DELTA_BRACKET_FULL_NORMALIZED_BODY	true	false	false
P2	0x00464550	BOUNDARY_ONLY_CONSERVATIVE_NAME_REQUIRED		CRT_INITIALIZER	g_InitFuncTable		true	1	0x0046454F	0x00464620	0x00464550-0x00464613	195	36	14488d5a9ca5c9b27c9cbb424bee3afd54d2f6d79433d8871c444ab6d6ce1c1e	65f64a200746babbe5e95dab9f71b7c42a5302106bb4ac606ea420f72eb14b17	ret		0x00464560	271	EQUAL_DELTA_BRACKET_FULL_NORMALIZED_BODY	true	false	false
P2	0x0047BB20	BOUNDARY_ONLY_CONSERVATIVE_NAME_REQUIRED		CRT_INITIALIZER	g_InitFuncTable		true	1	0x0047BB1F	0x0047BBF0	0x0047BB20-0x0047BBE3	195	36	009265c7fccbdcd98efdda54fdf17215188553fb9adfc502c34dd67c7b06c974	65f64a200746babbe5e95dab9f71b7c42a5302106bb4ac606ea420f72eb14b17	ret		0x0047B9E0	271	EQUAL_DELTA_BRACKET_FULL_NORMALIZED_BODY	true	false	false
P2	0x00490000	BOUNDARY_ONLY_CONSERVATIVE_NAME_REQUIRED		CRT_INITIALIZER	g_InitFuncTable		true	1	0x0048FFFF	0x004900D0	0x00490000-0x004900C3	195	36	0a3161e3270f45f939ee76b478eae547b811a257b324af314e577a77537ab925	65f64a200746babbe5e95dab9f71b7c42a5302106bb4ac606ea420f72eb14b17	ret		0x0048FE30	271	EQUAL_DELTA_BRACKET_FULL_NORMALIZED_BODY	true	false	false
P2	0x005445D0	BOUNDARY_ONLY_CONSERVATIVE_NAME_REQUIRED		CRT_INITIALIZER	g_InitFuncTable		true	1	0x005445CA	0x00544600	0x005445D0-0x005445F0	32	8	1c3ad8648a89c28d76a966a920ef286461d72e361e2f9e7f449b87bb2ebc64ca	99175539611147e0803932b4edf0f76cb0ecf5f991e53a1ea535c2ad3122ae7d	ret		0x00544C60	2	EQUAL_DELTA_BRACKET_FULL_NORMALIZED_BODY	true	false	false
P2	0x00550840	BOUNDARY_ONLY_CONSERVATIVE_NAME_REQUIRED		CRT_INITIALIZER	g_InitFuncTable		true	1	0x0055083A	0x00550870	0x00550840-0x00550860	32	8	b6dda0ae2c534d28ae3245a520bd66b653feb509386ffac64de523ce29b2aa8b	99175539611147e0803932b4edf0f76cb0ecf5f991e53a1ea535c2ad3122ae7d	ret		0x00550ED0	2	CROSS_BUILD_INIT_TABLE_SLOT_FULL_NORMALIZED_BODY	true	false	false
P2	0x00551D90	BOUNDARY_ONLY_CONSERVATIVE_NAME_REQUIRED		CRT_INITIALIZER	g_InitFuncTable		true	1	0x00551D8F	0x00551E60	0x00551D90-0x00551E53	195	36	d06c40d0955540717f4ad8ba0197280e9cbb7cb0f7ec72b74e98408a4d6e5ccc	65f64a200746babbe5e95dab9f71b7c42a5302106bb4ac606ea420f72eb14b17	ret		0x00552430	271	EQUAL_DELTA_BRACKET_FULL_NORMALIZED_BODY	true	false	false
P2	0x0055DFB8	BOUNDARY_ONLY_CONSERVATIVE_NAME_REQUIRED		CRT_INITIALIZER	g_InitFuncTable		true	1	0x0055DFB8	0x0055DFE7	0x0055DFB8-0x0055DFE7	47	14	fa89ea601b25853cddb989d8a659d8fa0c39a31db641ee31c636d4bc82e42b5b	dfaad31cf399edaf2c8afcb1bebf6770effb1ee549e39ee4e311e7036dbd694c	ret		0x0055E658	1	UNIQUE_FULL_MASKED_BODY	true	false	false
P1	0x0055E3F4	STRUCTURAL_CRT_IDENTITY_PRIVATE_SPELLING_OPEN	MSVC_CRT__x87_fprem_dispatch_helper	CRT_FPU_DISPATCH	0x00653340	MSVC_CRT__x87_fprem_dispatch_helper	true	1	0x0055E3F4	0x0055E412	0x0055E3F4-0x0055E412	30	13	cf9ce3b5c66d34149adc9baa8e5f5efe169395ad7f1f29243cbd0770b1b3ee94	4fbda6eef292f8e72bb2bf612cc9bb6085c45cbebc0d326133230ba43c29e8c5	ret		0x0055EB54	1	UNIQUE_FULL_MASKED_BODY	true	false	false
P2	0x0055FD6A	BOUNDARY_ONLY_CONSERVATIVE_NAME_REQUIRED		CRT_INITIALIZER	g_InitFuncTable		true	1	0x0055FD6A	0x0055FE26	0x0055FD6A-0x0055FE12	168	60	0675dac7036a4490a12c5a81873e5e1680a37d0528ed470a7b308503adc0848f	bee26a6ed880d06e20281a486bbf6b18b34f09a316bbf8875c8593fa9d6e20ef	ret		0x0056040A	1	UNIQUE_FULL_MASKED_BODY	true	false	false
P2	0x00564BEB	BOUNDARY_ONLY_CONSERVATIVE_NAME_REQUIRED		CRT_INITIALIZER	g_InitFuncTable		true	1	0x00564BEB	0x00564C09	0x00564BEB-0x00564BFC	17	4	2508681a76f376d625c54287386c37826560213569607abb3eb17d0c30c04a8b	4b8cceff7c4b0c4e44f1c0951f73b51054803854c2b3f6d866cb7c4c856bcff7	ret		0x005656FB	1	UNIQUE_FULL_MASKED_BODY	true	false	false
P1	0x0056BBDC	STRUCTURAL_CRT_IDENTITY_PRIVATE_SPELLING_OPEN	MSVC_CRT__monetary_locale_block_initializer	CRT_LOCALE_DESCRIPTOR	0x00653D5C	MSVC_CRT__monetary_locale_block_initializer	true	1	0x0056BBDC	0x0056BCA7	0x0056BBDC-0x0056BCA7	203	63	09c4fb91b148c5e2c7e03a4568d30641c629389626b039f19b5f207abe35b8c0	8b32669894b4c5550efdaeca2f61016d9041d92a4447ef69aa1ea7ef74656e3d	ret		0x0056C2AC	1	UNIQUE_FULL_MASKED_BODY	true	false	false
P2	0x00575D33	BOUNDARY_ONLY_CONSERVATIVE_NAME_REQUIRED		D3DX_DISPATCH	0x00656F30..0x0065716C dispatch tables		true	2	0x00575D33	0x00575D44	0x00575D33-0x00575D44	17	6	62dc11baefc5520e7b42456abbe004ff02459cba8a46feb84bb3974531c7ebaf	77054e212ecf490d289ec31c16f2f25dde599d413fc0796f97108cb03efbf0d0	indirect-jmp		0x005763D3	16	EQUAL_DELTA_BRACKET_FULL_NORMALIZED_BODY	true	false	false
P2	0x00575D57	BOUNDARY_ONLY_CONSERVATIVE_NAME_REQUIRED		D3DX_DISPATCH	0x00656F30..0x0065716C dispatch tables		true	2	0x00575D57	0x00575D68	0x00575D57-0x00575D68	17	6	e50c6528223078127eff01846bfd4de5ac6d3d345f86de2b6ef8603287ddf495	77054e212ecf490d289ec31c16f2f25dde599d413fc0796f97108cb03efbf0d0	indirect-jmp		0x005763F7	16	EQUAL_DELTA_BRACKET_FULL_NORMALIZED_BODY	true	false	false
P2	0x00575D7B	BOUNDARY_ONLY_CONSERVATIVE_NAME_REQUIRED		D3DX_DISPATCH	0x00656F30..0x0065716C dispatch tables		true	2	0x00575D7B	0x00575D8C	0x00575D7B-0x00575D8C	17	6	fd1c4098eaae09c80cce162de195171980b49ff2d62c5f678c3db68816fe79c1	77054e212ecf490d289ec31c16f2f25dde599d413fc0796f97108cb03efbf0d0	indirect-jmp		0x0057641B	16	EQUAL_DELTA_BRACKET_FULL_NORMALIZED_BODY	true	false	false
P0	0x00576011	EXACT_D3DX_PDB_PUBLIC_POST_HOTPATCH	D3DX_COMPAT__c_D3DXVec3Transform	D3DX_DISPATCH	0x00656F30..0x0065716C dispatch tables		true	3	0x00576011	0x0057609C	0x00576011-0x0057609C	139	58	24d0a307f359629f67d22f6e393a4a99bf4e93911ab8fa433604d48964be4a3e	9ffa80d93eacfea7083dc3da187d0363c1406b794baab32393738fd0045eedf6	ret		0x005766B1	1	UNIQUE_FULL_MASKED_BODY	true	true	false
P0	0x005760AD	EXACT_D3DX_PDB_PUBLIC_POST_HOTPATCH	D3DX_COMPAT__c_D3DXVec3TransformArray	D3DX_DISPATCH	0x00656F30..0x0065716C dispatch tables		true	1	0x005760AD	0x00576154	0x005760AD-0x00576154	167	69	8fa717b472e58a2c17815dee9ce03c41357bf614050b45ea0036c2463674fa79	c4ca70b02b0db1ef8df48ff8bbca3915b807acb20addd82b3c2b4cccb7dc499e	ret		0x0057674D	1	UNIQUE_FULL_MASKED_BODY	true	true	false
P0	0x00576191	EXACT_D3DX_PDB_PUBLIC_POST_HOTPATCH	D3DX_COMPAT__c_D3DXVec3TransformNormal	D3DX_DISPATCH	0x00656F30..0x0065716C dispatch tables		true	1	0x00576191	0x005761F7	0x00576191-0x005761F7	102	44	7e8f403c2cad300f95eaebb98f0ad6c7d38b44a3d11ee1d5ec3639a95ef487a9	62ad05fa9524bef7aa86f23ae25d77a2dfd23412deb684b75f090e20ee671bc4	ret		0x00576831	1	UNIQUE_FULL_MASKED_BODY	true	true	false
P0	0x00576208	EXACT_D3DX_PDB_PUBLIC_POST_HOTPATCH	D3DX_COMPAT__c_D3DXVec3TransformNormalArray	D3DX_DISPATCH	0x00656F30..0x0065716C dispatch tables		true	1	0x00576208	0x00576286	0x00576208-0x00576286	126	55	b5fdaf3b00637fa56270df59eae11b5f28a5f2978b53c5f31ce9a62a9db76c09	08e3e9663478720236cb2b3f3fa0450abe888789de92961b0353d17711260ba0	ret		0x005768A8	1	UNIQUE_FULL_MASKED_BODY	true	true	false
P2	0x0057629D	BOUNDARY_ONLY_CONSERVATIVE_NAME_REQUIRED		D3DX_DISPATCH	0x00656F30..0x0065716C dispatch tables		false	1	0x0057629D	0x005763DA	0x0057629D-0x005762AE	17	6	8b62c425043c297b2c4b0d080c31907e65526b41ccd702e0e8df063e3225e839	77054e212ecf490d289ec31c16f2f25dde599d413fc0796f97108cb03efbf0d0	indirect-jmp		0x0057693D	16	EQUAL_DELTA_BRACKET_FULL_NORMALIZED_BODY	true	false	false
P2	0x005762AE	BOUNDARY_ONLY_CONSERVATIVE_NAME_REQUIRED		D3DX_DISPATCH	0x00656F30..0x0065716C dispatch tables		true	2	0x0057629D	0x005763DA	0x005762AE-0x005762BF	17	6	36e17e45bfb1559bc188b8f86e47cc5cc632333981824f34addc8dd93bde5c42	77054e212ecf490d289ec31c16f2f25dde599d413fc0796f97108cb03efbf0d0	indirect-jmp		0x0057694E	16	EQUAL_DELTA_BRACKET_FULL_NORMALIZED_BODY	true	false	false
P2	0x005762BF	BOUNDARY_ONLY_CONSERVATIVE_NAME_REQUIRED		D3DX_DISPATCH	0x00656F30..0x0065716C dispatch tables		false	1	0x0057629D	0x005763DA	0x005762BF-0x005762D0	17	6	7e7453d11d000fc8ed9e52065334dd0003d70acd340d615500e47bb53a6e976d	77054e212ecf490d289ec31c16f2f25dde599d413fc0796f97108cb03efbf0d0	indirect-jmp		0x0057695F	16	EQUAL_DELTA_BRACKET_FULL_NORMALIZED_BODY	true	false	false
P2	0x005762D0	BOUNDARY_ONLY_CONSERVATIVE_NAME_REQUIRED		D3DX_DISPATCH	0x00656F30..0x0065716C dispatch tables		true	2	0x0057629D	0x005763DA	0x005762D0-0x005762DD	13	3	63773295a56c12e174f63ed9822c51fedcb67fcb6cf828ef7ba68ba4a6157d1b	1ac735e69b600bca8dc4124c133884ed414bc991c70f475b27e185488eb769f8	indirect-jmp		0x00576970	33	EQUAL_DELTA_BRACKET_FULL_NORMALIZED_BODY	true	false	false
P0	0x005762DD	EXACT_D3DX_PDB_PUBLIC_POST_HOTPATCH	D3DX_COMPAT__c_D3DXVec4Cross	D3DX_DISPATCH	0x00656F30..0x0065716C dispatch tables	D3DX_COMPAT__Vec4Cross	true	1	0x0057629D	0x005763DA	0x005762DD-0x005763CD	240	97	a2e2615025549008476a59cac24f5cf251b89d617ed71c3cf38dafb396767df3	c8555404e8e032dde983928c99c0199cf0f1d1eb305f0f8e2375292c90d97d82	ret		0x0057697D	1	UNIQUE_FULL_MASKED_BODY	true	true	true
P2	0x005763CD	BOUNDARY_ONLY_CONSERVATIVE_NAME_REQUIRED		D3DX_DISPATCH	0x00656F30..0x0065716C dispatch tables		false	1	0x0057629D	0x005763DA	0x005763CD-0x005763DA	13	3	2a19ec585e3295378ac2c25b278b39f54829431081010957063a3a274facace3	1ac735e69b600bca8dc4124c133884ed414bc991c70f475b27e185488eb769f8	indirect-jmp		0x00576A6D	33	EQUAL_DELTA_BRACKET_FULL_NORMALIZED_BODY	true	false	false
P0	0x005766AB	EXACT_D3DX_PDB_PUBLIC_POST_HOTPATCH	D3DX_COMPAT__c_D3DXVec4Transform	D3DX_DISPATCH	0x00656F30..0x0065716C dispatch tables		true	1	0x005766AB	0x0057674A	0x005766AB-0x0057674A	159	66	291af2d4c974e3a8a842de19af69cf0cfbb3db875468c467971ccc7048c2ea95	61d67fd1953f903e88ec9399fab9213e67951b61fd96578255ff7bcc37376f99	ret		0x00576D4B	1	UNIQUE_FULL_MASKED_BODY	true	true	false
P0	0x0057675B	EXACT_D3DX_PDB_PUBLIC_POST_HOTPATCH	D3DX_COMPAT__c_D3DXVec4TransformArray	D3DX_DISPATCH	0x00656F30..0x0065716C dispatch tables		true	1	0x0057675B	0x005768F1	0x0057675B-0x0057681A	191	77	cf70c4c98325aef12692acd7b8dd85e12b53f59349fa62dc404886c1fbabeef4	e195bcb9238130275da8d37478f3aa9256e23e6ca189c6163152734d49dc4693	ret		0x00576DFB	1	UNIQUE_FULL_MASKED_BODY	true	true	false
P2	0x0057681A	BOUNDARY_ONLY_CONSERVATIVE_NAME_REQUIRED		D3DX_DISPATCH	0x00656F30..0x0065716C dispatch tables		true	2	0x0057675B	0x005768F1	0x0057681A-0x00576827	13	3	43a7bd51e3968167a93f06e3f92c74e86584506d4cc4f56c51bf3a45d6639284	1ac735e69b600bca8dc4124c133884ed414bc991c70f475b27e185488eb769f8	indirect-jmp		0x00576EBA	33	EQUAL_DELTA_BRACKET_FULL_NORMALIZED_BODY	true	false	false
P0	0x00576827	EXACT_D3DX_PDB_PUBLIC_POST_HOTPATCH	D3DX_COMPAT__c_D3DXMatrixDeterminant	D3DX_DISPATCH	0x00656F30..0x0065716C dispatch tables		true	1	0x0057675B	0x005768F1	0x00576827-0x005768F1	202	80	3520e548488031026bceef0f5c5534de0c134b59417520ff3d173cc711fa610b	f8ac25b06209b78331115edf3ca76ff22b13366b0c6b45030396932e1139d463	ret		0x00576EC7	1	UNIQUE_FULL_MASKED_BODY	true	true	false
P2	0x00576904	BOUNDARY_ONLY_CONSERVATIVE_NAME_REQUIRED		D3DX_DISPATCH	0x00656F30..0x0065716C dispatch tables		true	1	0x00576904	0x00576B3A	0x00576904-0x00576B3A	566	216	27c3570501789c743a2fcfc5507bfdea202d417ac6eacad682bd6a5dfbaf1aa8	1f0852e23fe64bdd839214652fd43561c743905fd9de1b09e4072fe5f5997fe2	ret		0x00576FA4	1	UNIQUE_FULL_MASKED_BODY	true	true	false
P2	0x00576B4D	BOUNDARY_ONLY_CONSERVATIVE_NAME_REQUIRED		D3DX_DISPATCH	0x00656F30..0x0065716C dispatch tables		true	1	0x00576B4D	0x00576DFD	0x00576B4D-0x00576BBA	109	37	82f8b720db01ca44d029032b0a2d9c499e95fc5d47a4f3e2da90245c081ec110	17db9239e2b54b527c9cbcef0984c95e62078d2a3d1a2953ffa5aa206697212b	ret		0x005771ED	1	UNIQUE_FULL_MASKED_BODY	true	true	false
P2	0x00576BBA	BOUNDARY_ONLY_CONSERVATIVE_NAME_REQUIRED		D3DX_DISPATCH	0x00656F30..0x0065716C dispatch tables		false	1	0x00576B4D	0x00576DFD	0x00576BBA-0x00576BC7	13	3	0a694b1852767265359be6653cdc58638a4c241041233152674c25f3d86f8007	1ac735e69b600bca8dc4124c133884ed414bc991c70f475b27e185488eb769f8	indirect-jmp		0x0057725A	33	EQUAL_DELTA_BRACKET_FULL_NORMALIZED_BODY	true	false	false
P2	0x00576BC7	BOUNDARY_ONLY_CONSERVATIVE_NAME_REQUIRED		D3DX_DISPATCH	0x00656F30..0x0065716C dispatch tables		true	1	0x00576B4D	0x00576DFD	0x00576BC7-0x00576DFD	566	216	015a525d38b44a548648e63c60d38d23869ee5fb6cf21ba10ed6e2171d1c6606	9de313638b15d134d1a124a1e4bceea7c953e4250c107c7b17605cfbc90755d9	ret		0x00577267	1	UNIQUE_FULL_MASKED_BODY	true	true	false
P2	0x005777F1	BOUNDARY_ONLY_CONSERVATIVE_NAME_REQUIRED		D3DX_DISPATCH	0x00656F30..0x0065716C dispatch tables		true	2	0x005777F1	0x0057798E	0x005777F1-0x005777FE	13	3	8859573fc713b7eacb7233f43a07c770029e7390b9a8ae7b930c4c96bf02b45f	1ac735e69b600bca8dc4124c133884ed414bc991c70f475b27e185488eb769f8	indirect-jmp		0x00577E91	33	EQUAL_DELTA_BRACKET_FULL_NORMALIZED_BODY	true	false	false
P2	0x005777FE	BOUNDARY_ONLY_CONSERVATIVE_NAME_REQUIRED		D3DX_DISPATCH	0x00656F30..0x0065716C dispatch tables		true	2	0x005777F1	0x0057798E	0x005777FE-0x0057780B	13	3	8ae7c4a9dcbbd7c5b5d14dfb0415b5554304f9aef5cd815bbf3ee01ddd28bd0d	1ac735e69b600bca8dc4124c133884ed414bc991c70f475b27e185488eb769f8	indirect-jmp		0x00577E9E	33	EQUAL_DELTA_BRACKET_FULL_NORMALIZED_BODY	true	false	false
P2	0x0057780B	BOUNDARY_ONLY_CONSERVATIVE_NAME_REQUIRED		D3DX_DISPATCH	0x00656F30..0x0065716C dispatch tables		true	2	0x005777F1	0x0057798E	0x0057780B-0x00577818	13	3	2e4b86200593ce74d25651e3d443068bcc10e9ea72527b71613317617ad6bc97	1ac735e69b600bca8dc4124c133884ed414bc991c70f475b27e185488eb769f8	indirect-jmp		0x00577EAB	33	EQUAL_DELTA_BRACKET_FULL_NORMALIZED_BODY	true	false	false
P2	0x00577818	BOUNDARY_ONLY_CONSERVATIVE_NAME_REQUIRED		D3DX_DISPATCH	0x00656F30..0x0065716C dispatch tables		true	1	0x005777F1	0x0057798E	0x00577818-0x0057784D	53	20	c38d42885434c610c827878315008b64f515968d15c59dcac297ed3c96296355	09a365c2c25ef57501c322d6fa8603e1a8eb2e161765dca4a8fa1b384932ba79	ret		0x00577EB8	1	UNIQUE_FULL_MASKED_BODY	true	true	false
P2	0x0057784D	BOUNDARY_ONLY_CONSERVATIVE_NAME_REQUIRED		D3DX_DISPATCH	0x00656F30..0x0065716C dispatch tables		true	2	0x005777F1	0x0057798E	0x0057784D-0x0057785A	13	3	c0bbdc1bd126d3cc0aa1dfb65acdb9e550ad5b87e2b76b3fcc34512f3177f00e	1ac735e69b600bca8dc4124c133884ed414bc991c70f475b27e185488eb769f8	indirect-jmp		0x00577EED	33	EQUAL_DELTA_BRACKET_FULL_NORMALIZED_BODY	true	false	false
P2	0x0057785A	BOUNDARY_ONLY_CONSERVATIVE_NAME_REQUIRED		D3DX_DISPATCH	0x00656F30..0x0065716C dispatch tables		true	1	0x005777F1	0x0057798E	0x0057785A-0x0057798E	308	112	9c749cd591bc37da2acbc7dbe63d9060a546c773da12df6e1155e6c38b5a6ff1	b243bed655fb2a7b1857682b7edbf0addc29f177e483fc106cbf60bb0f6b6992	ret		0x00577EFA	1	UNIQUE_FULL_MASKED_BODY	true	false	false
P2	0x00577B2A	BOUNDARY_ONLY_CONSERVATIVE_NAME_REQUIRED		D3DX_DISPATCH	0x00656F30..0x0065716C dispatch tables		true	1	0x00577B2A	0x00577C83	0x00577B2A-0x00577BC0	150	57	6c95dc7568e1553681b2ff70d9d8274abdbd976007ccb97ade4ecee63a063558	84fcf4bc9e6a4ef12be9701266e21b813c1a356bfe77394a85278a04d689fc5a	ret		0x005781CA	1	UNIQUE_FULL_MASKED_BODY	true	true	false
P2	0x00577BC0	BOUNDARY_ONLY_CONSERVATIVE_NAME_REQUIRED		D3DX_DISPATCH	0x00656F30..0x0065716C dispatch tables		false	1	0x00577B2A	0x00577C83	0x00577BC0-0x00577BCD	13	3	e51fd88e274be38bdf7ae349807d8177128e0bba246c0d94ef45f239802844a8	1ac735e69b600bca8dc4124c133884ed414bc991c70f475b27e185488eb769f8	indirect-jmp		0x00578260	33	EQUAL_DELTA_BRACKET_FULL_NORMALIZED_BODY	true	false	false
P2	0x00577BCD	BOUNDARY_ONLY_CONSERVATIVE_NAME_REQUIRED		D3DX_DISPATCH	0x00656F30..0x0065716C dispatch tables		true	1	0x00577B2A	0x00577C83	0x00577BCD-0x00577C83	182	78	b64cbf37dbfa9a52907da775963faf84f4090c9a575f57605f91d49a37ee3c2c	d276aaf5cb8862cd514e3a0b4b6a0d766b6bd70a9920d21ccf8684cf4dda3f87	ret		0x0057826D	2	EQUAL_DELTA_BRACKET_FULL_NORMALIZED_BODY	true	false	false
P2	0x00577C96	BOUNDARY_ONLY_CONSERVATIVE_NAME_REQUIRED		D3DX_DISPATCH	0x00656F30..0x0065716C dispatch tables		true	1	0x00577C96	0x00577D47	0x00577C96-0x00577D47	177	73	8d346408b165864a5c9c10f767266b8b14cfc44eb8833ff84c9ad8f655e2902a	8b38b7842b9b2682512aa021ac64f6af56021351011ea6013ebadf326a2a49a6	ret		0x00578336	1	UNIQUE_FULL_MASKED_BODY	true	false	false
P2	0x00577D5A	BOUNDARY_ONLY_CONSERVATIVE_NAME_REQUIRED		D3DX_DISPATCH	0x00656F30..0x0065716C dispatch tables		true	1	0x00577D5A	0x00577DD5	0x00577D5A-0x00577DD5	123	48	6416353ff544d38e056b48350dd87bdd7a8dc44e6b787c251f6d1c2da11062b0	4f923786bb377f8f26a70caf387c3b868e1fc971912e08ebb6dcb33591b809b2	ret		0x005783FA	1	UNIQUE_FULL_MASKED_BODY	true	false	false
P2	0x00577DE8	BOUNDARY_ONLY_CONSERVATIVE_NAME_REQUIRED		D3DX_DISPATCH	0x00656F30..0x0065716C dispatch tables		true	1	0x00577DE8	0x00577E80	0x00577DE8-0x00577E80	152	65	97a796cbdbb9df983e5a785e3e71d43371bbb5aa090cc016411504e8a0adfcdd	9ee56f1eac43609a38c084de4b049dc933890501c32e5bf989aef917c44093d8	ret		0x00578488	1	UNIQUE_FULL_MASKED_BODY	true	true	false
P2	0x005780E9	BOUNDARY_ONLY_CONSERVATIVE_NAME_REQUIRED		D3DX_DISPATCH	0x00656F30..0x0065716C dispatch tables		true	1	0x005780E9	0x005783D9	0x005780E9-0x0057818A	161	70	44fa0f731b4f1e4f6dca1765ca4d60add7b5811e81efd0ad771217cc57a248b0	a859c017c9a42266f1216090d96f3e04aa0737ac279c74c203b220b72a730cd8	ret		0x00578789	1	UNIQUE_FULL_MASKED_BODY	true	false	false
P2	0x0057818A	BOUNDARY_ONLY_CONSERVATIVE_NAME_REQUIRED		D3DX_DISPATCH	0x00656F30..0x0065716C dispatch tables		true	2	0x005780E9	0x005783D9	0x0057818A-0x00578197	13	3	a4556bd062f17163d2c4d37ec93ab85f0102d9ed419f00d044924a3dbd1540e8	1ac735e69b600bca8dc4124c133884ed414bc991c70f475b27e185488eb769f8	indirect-jmp		0x0057882A	33	EQUAL_DELTA_BRACKET_FULL_NORMALIZED_BODY	true	false	false
P2	0x00578197	BOUNDARY_ONLY_CONSERVATIVE_NAME_REQUIRED		D3DX_DISPATCH	0x00656F30..0x0065716C dispatch tables		true	1	0x005780E9	0x005783D9	0x00578197-0x00578239	162	68	a4199faf0cfcd618703b8217ab659e63eb4fe9919bdd06d312593b7e873a9148	29d361f9602033a2d71d61d6e7e1a10e46652c02a391e3ea7c04b97e0784d3a5	ret		0x00578837	1	UNIQUE_FULL_MASKED_BODY	true	false	false
P2	0x00578239	BOUNDARY_ONLY_CONSERVATIVE_NAME_REQUIRED		D3DX_DISPATCH	0x00656F30..0x0065716C dispatch tables		true	2	0x005780E9	0x005783D9	0x00578239-0x00578246	13	3	da1155ca25c0835c5dd57c3b0af79040c01060477a706405b832e85dccb09fbf	1ac735e69b600bca8dc4124c133884ed414bc991c70f475b27e185488eb769f8	indirect-jmp		0x005788D9	33	EQUAL_DELTA_BRACKET_FULL_NORMALIZED_BODY	true	false	false
P2	0x00578246	BOUNDARY_ONLY_CONSERVATIVE_NAME_REQUIRED		D3DX_DISPATCH	0x00656F30..0x0065716C dispatch tables		true	1	0x005780E9	0x005783D9	0x00578246-0x0057827E	56	20	3f9bb6c4a739654b3d283f19d2e8ab1efaebe262653ca91717aeaeb1ba2d2504	6fc18767a6b46fbcdb40b453048eeb1c0d3ab7c5cbcc9f96eb11b5987cafc228	ret		0x005788E6	1	UNIQUE_FULL_MASKED_BODY	true	true	false
P2	0x0057827E	BOUNDARY_ONLY_CONSERVATIVE_NAME_REQUIRED		D3DX_DISPATCH	0x00656F30..0x0065716C dispatch tables		true	2	0x005780E9	0x005783D9	0x0057827E-0x0057828B	13	3	50fd84c302f39c2e10d176177d2e7d8c19a78d2c4a034a51cb179e73e145f3f6	1ac735e69b600bca8dc4124c133884ed414bc991c70f475b27e185488eb769f8	indirect-jmp		0x0057891E	33	EQUAL_DELTA_BRACKET_FULL_NORMALIZED_BODY	true	false	false
P2	0x0057828B	BOUNDARY_ONLY_CONSERVATIVE_NAME_REQUIRED		D3DX_DISPATCH	0x00656F30..0x0065716C dispatch tables		true	1	0x005780E9	0x005783D9	0x0057828B-0x0057832D	162	69	768dc3f803d9da3f4a150b10926e062e0909fbec792054d996c45f87c113c46d	90a97433ccddee95238829f491238557a1c60f65dbfc58847cf5100859a1e9af	ret		0x0057892B	1	UNIQUE_FULL_MASKED_BODY	true	true	false
P2	0x0057832D	BOUNDARY_ONLY_CONSERVATIVE_NAME_REQUIRED		D3DX_DISPATCH	0x00656F30..0x0065716C dispatch tables		true	2	0x005780E9	0x005783D9	0x0057832D-0x0057833A	13	3	0497adbddf996db44a48455c23207fd7fd9d0401ab1323817510527d1c71edba	1ac735e69b600bca8dc4124c133884ed414bc991c70f475b27e185488eb769f8	indirect-jmp		0x005789CD	33	EQUAL_DELTA_BRACKET_FULL_NORMALIZED_BODY	true	false	false
P0	0x0057833A	EXACT_D3DX_PDB_PUBLIC_POST_HOTPATCH	D3DX_COMPAT__c_D3DXPlaneTransform	D3DX_DISPATCH	0x00656F30..0x0065716C dispatch tables		true	1	0x005780E9	0x005783D9	0x0057833A-0x005783D9	159	66	30dd1b68a0439a3469e88255bb6443444434877caba5e20d513685a713265b4e	e6e89b599ce2ccfddb690bf37d9f22c560f7df479473892a764b367d0e41a2a7	ret		0x005789DA	1	UNIQUE_FULL_MASKED_BODY	true	true	false
P0	0x005783EA	EXACT_D3DX_PDB_PUBLIC_POST_HOTPATCH	D3DX_COMPAT__c_D3DXPlaneTransformArray	D3DX_DISPATCH	0x00656F30..0x0065716C dispatch tables		true	1	0x005783EA	0x005784A9	0x005783EA-0x005784A9	191	77	9881a0c0ac4b1d7c409c907b1e800be6f8cf642b4673cffc2089289427b77fb3	8c55ea72bde7c20d5e77f40d3b26bc2032bae1474093b9e9f2c1e0e81b3294d9	ret		0x00578A8A	1	UNIQUE_FULL_MASKED_BODY	true	true	false
P2	0x005784BA	BOUNDARY_ONLY_CONSERVATIVE_NAME_REQUIRED		D3DX_DISPATCH	0x00656F30..0x0065716C dispatch tables		false	1	0x005784BA	0x00578555	0x005784BA-0x005784CB	17	6	4ff082576ae5c83a48272b507d2de86388825e53d3589f0cfbc6b356a2318bc3	77054e212ecf490d289ec31c16f2f25dde599d413fc0796f97108cb03efbf0d0	indirect-jmp		0x00578B5A	16	EQUAL_DELTA_BRACKET_FULL_NORMALIZED_BODY	true	false	false
P2	0x005784CB	BOUNDARY_ONLY_CONSERVATIVE_NAME_REQUIRED		D3DX_DISPATCH	0x00656F30..0x0065716C dispatch tables		true	1	0x005784BA	0x00578555	0x005784CB-0x00578555	138	56	ec3dd27d2837bad88395b5e659ff9bd9e458ca4e5762c466031cc701de3cc6d7	e0f4d50dbd80afd2a151fc949ed8fa7996c018d2cc04e8242e1aa1101d8f5a1c	ret		0x00578B6B	1	UNIQUE_FULL_MASKED_BODY	true	false	false
P1	0x00581276	D3DX_VTABLE_AND_NAMED_PUBLIC_LINEAGE	D3DX_COMPAT__CCodec__SharedNoOpEncodeDecode	VTABLE_CALLBACK	.rdata vtable/descriptor slot		true	2	0x00581276	0x00581279	0x00581276-0x00581279	3	1	dbd1a662565b07272069f88faadf4327acaf51b7d14f236c84c0a9679d07cef3	b6cbececf1b07e74f37d57710c68c31f0b92cb08d51093252b321b07542e177b	ret		0x00581973	8239	EQUAL_DELTA_BRACKET_FULL_NORMALIZED_BODY	true	true	false
P1	0x0058656D	D3DX_VTABLE_AND_NAMED_PUBLIC_LINEAGE	D3DX_COMPAT__CCodec_R32F_or_D32F_LOCKABLE__Decode	VTABLE_CALLBACK	.rdata vtable/descriptor slot		true	2	0x0058656D	0x005865ED	0x0058656D-0x005865ED	128	43	c5c8c1e0fa87d351ddd99ac320464182461b4b65b76ed93e23047d8f4453c9ee	f60e2a216c3c68ae753f68d15b78b46d0cbe666d76c0ca15c5ecbbdbd2fc3d0f	ret		0x00586E4F	1	UNIQUE_FULL_MASKED_BODY	true	false	false
P1	0x005867EE	D3DX_VTABLE_AND_NAMED_PUBLIC_LINEAGE	D3DX_COMPAT__CCodec_G32R32F__Decode	VTABLE_CALLBACK	.rdata vtable/descriptor slot		true	1	0x005867EE	0x0058686F	0x005867EE-0x0058686F	129	43	56233cb269a4530f1d134d98ff646a692b91d76b5d43c54b03d59b57ef1b00a0	4f680b8a5051974d69bd3586828ff8b22118033607350b0f5078f0ef22f19c39	ret		0x00586EEB	1	UNIQUE_FULL_MASKED_BODY	true	true	false
P1	0x0058862E	D3DX_SHARED_YUV_CODEC_DTOR_LINEAGE	D3DX_COMPAT__CCodecYUVFamily__SharedScalarDeletingDtor	VTABLE_CALLBACK	.rdata vtable/descriptor slot		true	5	0x005885D6	0x0058864A	0x0058862E-0x0058864A	28	11	12c8177eed60c0158c07d0b23476c1fd00774eb266791e0c46b790f2c6ee5ea1	aef71df795d5f8b51b81931f453d8c5d6348028fd03885f9998845cb4ab79689	ret		0x00588D2B	17	EQUAL_DELTA_BRACKET_FULL_NORMALIZED_BODY	true	false	false
P0	0x00588D63	D3DX_PDB_ADJACENCY_AND_INSTRUCTION_LINEAGE	D3DX_COMPAT__c_D3DXPSGPTessellateNPatch	D3DX_DISPATCH	0x00656F30..0x0065716C dispatch tables	D3DX9_24_COMPAT__c_D3DXPSGPTessellateNPatch	true	1	0x00588D63	0x00589094	0x00588D63-0x00589094	817	315	1a038d995cacdc6b4ec2dc8c07be620dc3091f6146871ac01c6cb1f34ae8316a	4c0fa091744af0bb9c810878e1e54d47bd0ce9cea875385377e75fa79898ac25	ret		0x00589460	1	UNIQUE_FULL_MASKED_BODY	true	false	false
P1	0x00590C5A	D3DX_VTABLE_AND_NAMED_PUBLIC_LINEAGE	D3DX_COMPAT__CBuffer__Init	VTABLE_CALLBACK	.rdata vtable/descriptor slot		true	1	0x00590C5A	0x00590CC2	0x00590C5A-0x00590C81	39	17	e80ae4f3021f963581213990005dd85cc0d80e341cb4177539e97142609a25a5	593634cfa5cf613e0525166c0c9fc4d16864e111a17462a314d41b18d1a47e79	ret		0x005912FA	1	UNIQUE_FULL_MASKED_BODY	true	false	false
P1	0x00590C81	D3DX_VTABLE_AND_NAMED_PUBLIC_LINEAGE	D3DX_COMPAT__CBuffer__AddRef	VTABLE_CALLBACK	.rdata vtable/descriptor slot		true	1	0x00590C5A	0x00590CC2	0x00590C81-0x00590C8E	13	4	18d4f9d178484a2e144b9aa457ea743833c330fc460f529003dc8a8e6b93e6f9	e3e56b2ca224c67e02a24d848a00114267a90b809a0d32a3ef19d09baa425e7a	ret		0x00591321	1	UNIQUE_FULL_MASKED_BODY	true	true	false
P1	0x00590C8E	D3DX_VTABLE_AND_NAMED_PUBLIC_LINEAGE	D3DX_COMPAT__CBuffer__Release	VTABLE_CALLBACK	.rdata vtable/descriptor slot		true	1	0x00590C5A	0x00590CC2	0x00590C8E-0x00590CAE	32	13	fd98f108ad90bcad8a27946d8c2351d4a20156210d5a4d1aa198f93fc9675293	e85f6beea83b485a6c44caddadc67bfb4e8aff5b5a04230d5389d6b22a3286cb	ret		0x0059132E	1	UNIQUE_FULL_MASKED_BODY	true	true	false
P1	0x00590CAE	D3DX_VTABLE_AND_NAMED_PUBLIC_LINEAGE	D3DX_COMPAT__CBuffer__GetBufferPointer	VTABLE_CALLBACK	.rdata vtable/descriptor slot		true	1	0x00590C5A	0x00590CC2	0x00590CAE-0x00590CB8	10	3	688381b35e2008a7fd7b33f9da2c5ccb883831e156d091e6e795e95df034eca5	f2267bb74dae9d9e9fd27a1ded53e91fbb8ed38498f77a4cd54379f2c990629b	ret		0x0059134E	2	EQUAL_DELTA_BRACKET_FULL_NORMALIZED_BODY	true	true	false
P1	0x00590CB8	D3DX_VTABLE_AND_NAMED_PUBLIC_LINEAGE	D3DX_COMPAT__CBuffer__GetBufferSize	VTABLE_CALLBACK	.rdata vtable/descriptor slot		true	1	0x00590C5A	0x00590CC2	0x00590CB8-0x00590CC2	10	3	bed1917a7a9d46812e1463da79ce3b76126e3c2f2be1e20c65b7524ba836e54d	f2267bb74dae9d9e9fd27a1ded53e91fbb8ed38498f77a4cd54379f2c990629b	ret		0x00591358	2	EQUAL_DELTA_BRACKET_FULL_NORMALIZED_BODY	true	true	false
P1	0x0059875F	D3DX_VTABLE_AND_NAMED_PUBLIC_LINEAGE	D3DX_COMPAT__CNode__Copy	VTABLE_CALLBACK	.rdata vtable/descriptor slot		true	1	0x0059875F	0x0059877E	0x0059875F-0x0059877E	31	15	b793b9afe30db2a68bebf3772e58694f2903707ab3f9d3b763e4ff31aca970c0	bf556f7ee3b8ee4fc43a87944d5e8922b9f66d3fb73eee0bca0adca5b5b78bbd	ret		0x00598DFF	1	UNIQUE_FULL_MASKED_BODY	true	false	false
P1	0x00598A05	D3DX_VTABLE_AND_NAMED_PUBLIC_LINEAGE	D3DX_COMPAT__CNodeToken__IsEqual	VTABLE_CALLBACK	.rdata vtable/descriptor slot		true	1	0x00598A05	0x00598A56	0x00598A05-0x00598A27	34	12	f16dee09b7adf0cf6f320d3fc588a397c7e7d3a56b1535510bc22a5853e4d7c8	0c7d38919e5893eb8a71212c6084d6be29de363980f19bb22480deeaa63bebbc	ret		0x005990A4	1	UNIQUE_FULL_MASKED_BODY	true	false	false
P1	0x00598A27	D3DX_VTABLE_AND_NAMED_PUBLIC_LINEAGE	D3DX_COMPAT__CNodeToken__Copy	VTABLE_CALLBACK	.rdata vtable/descriptor slot		true	1	0x00598A05	0x00598A56	0x00598A27-0x00598A56	47	24	131991e9af79b46fdf0d82c5e75b247274cee6ad6748f8c6ec5aac48b32b5650	ed6e6b2e046523a0f0cc09fe0bb7ef5499bacae8d424e1b49eecbc3c5600591a	ret		0x005990C6	1	UNIQUE_FULL_MASKED_BODY	true	false	false
P1	0x00598AC8	D3DX_VTABLE_AND_NAMED_PUBLIC_LINEAGE	D3DX_COMPAT__CNodeType__IsEqual	VTABLE_CALLBACK	.rdata vtable/descriptor slot		true	1	0x00598AC8	0x00598B48	0x00598AC8-0x00598B08	64	25	e18604e9596793b44b309444c7e4d60794afab6dd94b1315cf4b3ba176bec71b	313325310c00b8b73382da0b0a780bd92dcae3c18e0380e7b0fb862ee8a43848	ret		0x00599168	1	UNIQUE_FULL_MASKED_BODY	true	true	false
P1	0x00598B08	D3DX_VTABLE_AND_NAMED_PUBLIC_LINEAGE	D3DX_COMPAT__CNodeType__Copy	VTABLE_CALLBACK	.rdata vtable/descriptor slot		true	1	0x00598AC8	0x00598B48	0x00598B08-0x00598B48	64	27	16594204abd1995936981f3864051213585a6c949c7c071b17c928dd6d5fa018	93d1bf342a93bdd3133b24403986f02bf234ce7009a7fb89f23063eb8d03d21e	ret		0x005991A8	1	UNIQUE_FULL_MASKED_BODY	true	false	false
P1	0x00598BDC	D3DX_VTABLE_AND_NAMED_PUBLIC_LINEAGE	D3DX_COMPAT__CNodeVariable__IsEqual	VTABLE_CALLBACK	.rdata vtable/descriptor slot		true	1	0x00598BDC	0x00598D6B	0x00598BDC-0x00598C85	169	60	7b8b832d39f287ac8e9d59c9e45466ecb029fd46aaf6af1bc16df9f61a439c93	8919b6db391cf978a313655a1e9c0051504792e78525f08c201717f989ca43de	ret		0x0059927C	1	UNIQUE_FULL_MASKED_BODY	true	false	false
P1	0x00598C85	D3DX_VTABLE_AND_NAMED_PUBLIC_LINEAGE	D3DX_COMPAT__CNodeVariable__Copy	VTABLE_CALLBACK	.rdata vtable/descriptor slot		true	1	0x00598BDC	0x00598D6B	0x00598C85-0x00598D6B	230	97	74c2de625ba07dd6df91041e2c6bcbe238c7413f7d0c3371b1f0b501e73ed823	ca1c913aba7902b63d8450cba2533f072cf4401a86f7c079b02c51df4141612e	ret		0x00599325	1	UNIQUE_FULL_MASKED_BODY	true	false	false
P1	0x00598EA8	D3DX_VTABLE_AND_NAMED_PUBLIC_LINEAGE	D3DX_COMPAT__CNodeValue__Copy	VTABLE_CALLBACK	.rdata vtable/descriptor slot		true	1	0x00598EA8	0x00598F22	0x00598EA8-0x00598F22	122	59	585cc01542be49ffa416dfa3f88fb21748eb8a240bad83b299ab9d687f8100e6	27d79f6196efe895a63759205eb46f7a4a5008e632de84a5e6a1034a5f9508e1	ret		0x00599548	1	UNIQUE_FULL_MASKED_BODY	true	false	false
P1	0x005999D3	D3DX_VTABLE_AND_NAMED_PUBLIC_LINEAGE	D3DX_COMPAT__CNodeAsmRegister__Copy	VTABLE_CALLBACK	.rdata vtable/descriptor slot		true	1	0x005999D3	0x00599A3C	0x005999D3-0x00599A3C	105	45	1b62bfa6239fcfa4b6118fd011f10549be1c25946ffef1eb115e35e005833926	88d7f9c73051c636330cd9913869fc838214724770e896923d795908aaf98c57	ret		0x0059A073	1	UNIQUE_FULL_MASKED_BODY	true	false	false
P0	0x0059F170	IJG_V6B_PRIVATE_SOURCE_CONTRACT	LIBJPEG6B__write_tables_only	IJG_CALLBACK	InitJpegWriterStageCallbacks +0x10	LIBJPEG6B__write_tables_only	false	1	0x0059F170	0x0059F25C	0x0059F170-0x0059F25C	236	105	e6dbe6ac97d03729e450735e55630efb75d9f51e566e691f7b5d073dd2e79de6	917156de9eff055e330c22a40bd69fc3c58807719c18be559b65fa7dc4bf8aab	ret		0x0059F810	1	UNIQUE_FULL_MASKED_BODY	true	true	false
