registryIndex	command	handlerEntry	cohort	logicalArity	inputs	outputType	outputVtable	effects	ordering	edgeFailure	callGraphSummary	sourceAnchorIds	remainingUnknowns	cheapestFalsifier	grade	semanticGrade	tier2Name	identityScope	originalCppIdentity	commonCallableShape	commonThisTypeBoundary	priorSemanticRowSha256	refinementStatus	refinementFlags
22	SetVisible	0x00535ea0	B_TARGET_ACTIONS	1	argv[0] bool-like value via slot 0x3C. Uses context target without a type-flag gate.	none	-	If the returned low byte is exactly 1, calls target primary slot 32 MakeVisible; every other byte calls slot 33 MakeInvisible. Pinned source clears or sets TF_INVISIBLE respectively.	Decode bool byte; load target; exact compare to 1; one of two dynamic slot calls.	No target/argv/null/type guard. Noncanonical true bytes such as 2 select MakeInvisible.	VM bool getter; target primary slot 32 MakeVisible or slot 33 MakeInvisible.	SRC_THING_VISIBILITY	Whether the VM getter always canonicalizes to 0/1, reachable overrides of visibility slots, and original handler spelling.	Return raw bytes 0, 1, 2, and 255 from a copied VM value and trace the chosen target slot and final TF_INVISIBLE bit.	C1_CANDIDATE_PARTIAL	STATIC_BEHAVIOR	IScript__SetVisible	REGISTRY_DERIVED_TIER2_ONLY	OPEN_NOT_CLAIMED	void __thiscall handler(void *iscriptShape, CDataType **argv, uint32_t argCount, CDataType **out)	The receiver is only an IScript-shaped owner (commonly exposing the target at +0x10); the exact C++ type is open. IScriptContext* is not promoted.	8967a53d0adc1d62140a2d9fa14e4dba74f095468c90135bc5ed2ac9dc598498	UNCHANGED_FROM_PINNED_SEMANTIC_REPLAY	-
34	HighlightHudPart	0x00535e60	A_GLOBAL_UI	1	argv[0] signed dword through VM integer getter slot 0x30.	none	-	Writes literal 2 to dword address 0x008AA51C + index*4.	Decode integer, scale index by four, then direct global write.	There is no bounds or sign check; negative or oversized indices write outside the apparent array.	VM integer getter only.	-	Array bounds, per-index HUD meaning, consumer timing, and original handler spelling.	In a copied runtime, map the owning allocation and probe only known-valid endpoints while watching the consumer; use a guard-page harness for -1 and first-invalid without touching a real install.	C1_CANDIDATE_PARTIAL	STATIC_BEHAVIOR	IScript__HighlightHudPart	REGISTRY_DERIVED_TIER2_ONLY	OPEN_NOT_CLAIMED	void __thiscall handler(void *iscriptShape, CDataType **argv, uint32_t argCount, CDataType **out)	The receiver is only an IScript-shaped owner (commonly exposing the target at +0x10); the exact C++ type is open. IScriptContext* is not promoted.	77538c1c197877266518fdc53225aed925f0ea4c5c096939224cb920926f756b	UNCHANGED_FROM_PINNED_SEMANTIC_REPLAY	-
35	UnHighlightHudPart	0x00535e80	A_GLOBAL_UI	1	argv[0] signed dword through VM integer getter slot 0x30.	none	-	Writes literal 1 to dword address 0x008AA51C + index*4.	Decode integer, scale index by four, then direct global write.	There is no bounds or sign check; negative or oversized indices write outside the apparent array. It writes 1 rather than zero.	VM integer getter only.	-	Array bounds, meaning of states 1/2, consumer timing, and original handler spelling.	In a copied runtime, map the array and compare consumer behavior for states 1 and 2 at each known-valid index.	C1_CANDIDATE_PARTIAL	STATIC_BEHAVIOR	IScript__UnHighlightHudPart	REGISTRY_DERIVED_TIER2_ONLY	OPEN_NOT_CLAIMED	void __thiscall handler(void *iscriptShape, CDataType **argv, uint32_t argCount, CDataType **out)	The receiver is only an IScript-shaped owner (commonly exposing the target at +0x10); the exact C++ type is open. IScriptContext* is not promoted.	7b8b4ae0a72a119b502f0d35defaa34cf2533c43d59c1b36190318ea4e32bb6a	UNCHANGED_FROM_PINNED_SEMANTIC_REPLAY	-
37	GetWeaponAmmo	0x00535610	E_TARGET_QUERIES	0	No script arguments. Calls the direct callee only when target flags+0x34 bit 0x08 is set.	float	0x005e4ea4	Returns 0 when the gate is clear. Otherwise the source-aligned callee returns Racer speed magnitude/1.5 clamped only above at 1, or dispatches to walker when state!=3 and jet when state==3.	Initialize result 0; optional callee; allocate float wrapper; publish out.	No target null guard. Callee configuration/part pointers are assumed valid. Allocation failure stores null after the callee has already executed.	0x00535622 -> 0x0040C3C0 CBattleEngine__GetWeaponAmmoPercentage; allocator at 0x0053563E.	SRC_BE_WEAPON_AMMO;SRC_BE_STATE_ENUM	Runtime range for negative/NaN speeds, concrete part behavior, and original handler spelling.	Probe Racer velocities below, at, and above 1.5 plus walker/jet states in a copied runtime; compare raw float bits and allocation-failure ordering.	C1_CANDIDATE_PARTIAL	STATIC_BEHAVIOR	IScript__GetWeaponAmmo	REGISTRY_DERIVED_TIER2_ONLY	OPEN_NOT_CLAIMED	void __thiscall handler(void *iscriptShape, CDataType **argv, uint32_t argCount, CDataType **out)	The receiver is only an IScript-shaped owner (commonly exposing the target at +0x10); the exact C++ type is open. IScriptContext* is not promoted.	3a2039b0dfab0ff0f5eacf1c572ee5b90ceef91527aa37be889b84cd22f437e5	UNCHANGED_FROM_PINNED_SEMANTIC_REPLAY	-
39	GetWeaponCharge	0x00535750	E_TARGET_QUERIES	0	No script arguments. Calls the direct callee only when target flags+0x34 bit 0x08 is set.	float	0x005e4ea4	Returns 0 when the gate is clear. Otherwise the source-aligned Racer path uses render position, min(terrain sample,water level), abs(height delta)/5 clamped only above at 1; non-Racer dispatches walker for state!=3 and jet for state==3.	Initialize result 0; optional callee; allocate float wrapper; publish out.	No target null guard. Callee configuration/part pointers are assumed valid. Allocation failure stores null after the terrain/part query.	0x00535762 -> 0x0040C4A0 CBattleEngine__GetWeaponCharge; allocator at 0x0053577E.	SRC_BE_WEAPON_CHARGE;SRC_BE_STATE_ENUM	Terrain-sample NaN behavior, concrete part charge laws, and original handler spelling.	Probe Racer above/below terrain and water plus walker/jet states in a copied runtime; compare raw float bits and queried subobject.	C1_CANDIDATE_PARTIAL	STATIC_BEHAVIOR	IScript__GetWeaponCharge	REGISTRY_DERIVED_TIER2_ONLY	OPEN_NOT_CLAIMED	void __thiscall handler(void *iscriptShape, CDataType **argv, uint32_t argCount, CDataType **out)	The receiver is only an IScript-shaped owner (commonly exposing the target at +0x10); the exact C++ type is open. IScriptContext* is not promoted.	8fd3f94af80993ab8bdd4c614725ee699588cb4f979b654d017e165dddadd28f	UNCHANGED_FROM_PINNED_SEMANTIC_REPLAY	-
42	SetWindVector	0x00538300	A_GLOBAL_UI	3	argv[0], argv[1], argv[2] floats via slot 0x34; getters execute in order argv[2], argv[1], argv[0].	none	-	Writes argv[0] to 0x00660198, argv[1] to 0x0066019C, argv[2] to 0x006601A0, then writes an uninitialized local dword to 0x006601A4.	Decode 2 then 1 then 0; stage results; write X, Y, Z, then undefined fourth lane.	No arity/type guards. Getter side effects occur in reverse logical order. The fourth global dword is stack residue rather than a demonstrated zero or input.	Three VM float getters; no direct callee.	-	Owning global/vector type, consumer treatment of +0xA4, authored getter side effects, and original handler spelling.	Use three side-effecting copied float wrappers and a stack canary; capture getter order and all four global dwords before the atmospheric consumer runs.	C1_CANDIDATE_PARTIAL	STATIC_BEHAVIOR	IScript__SetWindVector	REGISTRY_DERIVED_TIER2_ONLY	OPEN_NOT_CLAIMED	void __thiscall handler(void *iscriptShape, CDataType **argv, uint32_t argCount, CDataType **out)	The receiver is only an IScript-shaped owner (commonly exposing the target at +0x10); the exact C++ type is open. IScriptContext* is not promoted.	a1ecde4607eeba067d8c5f226f9d0965609c6af441aa09bed132f517c44b71bc	UNCHANGED_FROM_PINNED_SEMANTIC_REPLAY	-
43	SetRainDensity	0x00538360	A_GLOBAL_UI	1	argv[0] float via slot 0x34.	none	-	Writes the returned float bits directly to global 0x00660190.	Decode float, then one global write.	No clamp, arity/type/null check, or NaN handling is local.	VM float getter only.	-	Units/consumer range of 0x00660190, runtime atmospheric behavior, and original handler spelling.	Write -1, 0, 0.5, 1, 2, infinity, and NaN in a copied runtime; record the global bits and the next atmospheric-consumer branch.	C1_CANDIDATE_PARTIAL	STATIC_BEHAVIOR	IScript__SetRainDensity	REGISTRY_DERIVED_TIER2_ONLY	OPEN_NOT_CLAIMED	void __thiscall handler(void *iscriptShape, CDataType **argv, uint32_t argCount, CDataType **out)	The receiver is only an IScript-shaped owner (commonly exposing the target at +0x10); the exact C++ type is open. IScriptContext* is not promoted.	480d809e3c34be704627250d5569b9b81dfd21380aeb3be43718a72b6c6d703c	UNCHANGED_FROM_PINNED_SEMANTIC_REPLAY	-
46	SetHealth	0x00535c10	B_TARGET_ACTIONS	1	argv[0] float via slot 0x34. Requires target flags+0x34 bit 0x10.	none	-	After decoding the float, if target+0x164 is nonnull, writes argv[0] * *(float*)(target+0x164+0xC0) to target+0xF8.	Target flag gate; float decode; configuration-pointer test; multiply; health-shaped field write.	Failed flag gate is silent. A null configuration discards the already-decoded x87 result and performs no write. NaN/infinity are not clamped. No arity/type/null guard is local.	VM float getter only.	-	Authoritative names/units for +0xF8 and config+0xC0, acceptable input range, and original handler spelling.	On a copied target, use fractions -1, 0, 0.5, 1, 2, and NaN with null/non-null +0x164; compare the exact +0xF8 bits.	C1_CANDIDATE_PARTIAL	STATIC_BEHAVIOR	IScript__SetHealth	REGISTRY_DERIVED_TIER2_ONLY	OPEN_NOT_CLAIMED	void __thiscall handler(void *iscriptShape, CDataType **argv, uint32_t argCount, CDataType **out)	The receiver is only an IScript-shaped owner (commonly exposing the target at +0x10); the exact C++ type is open. IScriptContext* is not promoted.	2b13c3d80783dff97d171c0706d423a16eb2f9aa1ea11ba98a5cee1df633b9c7	UNCHANGED_FROM_PINNED_SEMANTIC_REPLAY	-
50	SpawnParticle	0x00536b70	F_ANIMATION_SPAWN	2	argv[0] particle-set name via string slot 0x38; argv[1] 16-byte vector via slot 0x44.	none	-	Looks up the named set through 0x004CD7A0. On success calls particle manager 0x004CB3D0 with the found resource, null owner, the vector by value, and two trailing zeros.	Decode string; decode vector; lookup; missing-name branch/log or CreateEffect call.	"Missing resource prints ""Can't find particle effect %s"" and returns. No local validation protects argument pointers or vector fourth word."	VM string/vector getters; CParticleSet lookup; optional console; CParticleManager__CreateEffect.	-	Exact lookup side effect implied by current analyst name, vector fourth-lane consumption, effect lifetime, and original handler spelling.	In a copied runtime, probe one valid and one missing name with four vector sentinels; capture CreateEffect arguments, link state, and console output.	C1_CANDIDATE_PARTIAL	STATIC_BEHAVIOR	IScript__SpawnParticle	REGISTRY_DERIVED_TIER2_ONLY	OPEN_NOT_CLAIMED	void __thiscall handler(void *iscriptShape, CDataType **argv, uint32_t argCount, CDataType **out)	The receiver is only an IScript-shaped owner (commonly exposing the target at +0x10); the exact C++ type is open. IScriptContext* is not promoted.	de7b85e2c02f9195012cafe4a1c8a234f3e39fc37c73d482447df03b20a57706	UNCHANGED_FROM_PINNED_SEMANTIC_REPLAY	-
51	SetSegmentHealth	0x00535480	C_SEGMENTS	2	argv[0] string via slot 0x38; argv[1] float via slot 0x34. Requires target flag bit 0x10 and nonnull target+0x178 controller.	none	-	The callee resolves a named mesh part, reads that part's +0x88 index, uses it directly against the controller+0x04 segment-pointer array, and writes the float to the selected segment+0x0C.	Target/controller gates; decode float before string; mesh/name lookup; unchecked part+0x88 array index; null-entry test; one field write.	Failed wrapper gates and null render interface/root mesh are silent. Missing name or a null selected segment prints a fatal error. The callee does not compare part+0x88 with controller+0x08 before reading controllerArray[index]; the later null test is not a bounds check.	VM float getter; VM string getter; 0x005354B1 -> 0x00444450 SetSegmentField0CByName -> interface slot, mesh lookup, optional console.	-	Concrete meaning and units of segment+0x0C, accepted name rules, validity guarantee for mesh part+0x88, out-of-range runtime consequence, and original handler spelling.	Write distinct floats to a valid and invalid named segment in a copied runtime; compare +0x0C, controller metric, and fatal output.	C1_CANDIDATE_PARTIAL	STATIC_BEHAVIOR	IScript__SetSegmentHealth	REGISTRY_DERIVED_TIER2_ONLY	OPEN_NOT_CLAIMED	void __thiscall handler(void *iscriptShape, CDataType **argv, uint32_t argCount, CDataType **out)	The receiver is only an IScript-shaped owner (commonly exposing the target at +0x10); the exact C++ type is open. IScriptContext* is not promoted.	5db55a2643efc8ac688c0902615212d02fbdbc0f55944e61a4e3d58c28d613b5	CORRECTED_AUDIT_FINDING	MESH_PART_88_INDEX;NO_LOCAL_CONTROLLER_COUNT_CHECK
52	SetAllSegmentsHealth	0x00535500	C_SEGMENTS	1	argv[0] float via slot 0x34. Requires target flag bit 0x10 and nonnull target+0x178 controller.	none	-	Walks indices [0,controller+0x08), skips null entries in the controller+0x04 pointer array, and writes the float to each nonnull segment+0x0C. It does not refresh controller+0x18 in the visible callee.	Wrapper gates; float decode; ascending indexed loop; conditional per-entry write.	Failed wrapper gates are silent. Negative/zero count performs no iterations. Array/count consistency is not checked.	VM float getter; 0x00535525 -> 0x00444580 SetAllSegmentsField0C.	-	Concrete +0x0C semantics, delayed metric behavior, malformed array policy, and original handler spelling.	Use a copied controller with nonnull/null/non-null entries and a distinct count; verify ascending writes, skipped nulls, and unchanged +0x18.	C1_CANDIDATE_PARTIAL	STATIC_BEHAVIOR	IScript__SetAllSegmentsHealth	REGISTRY_DERIVED_TIER2_ONLY	OPEN_NOT_CLAIMED	void __thiscall handler(void *iscriptShape, CDataType **argv, uint32_t argCount, CDataType **out)	The receiver is only an IScript-shaped owner (commonly exposing the target at +0x10); the exact C++ type is open. IScriptContext* is not promoted.	0a0a9dd5b345a0130818f514f414658e304fc5c12a3c04a27e0c0328cdc666a6	UNCHANGED_FROM_PINNED_SEMANTIC_REPLAY	-
54	PlayAnimationWait	0x005351d0	F_ANIMATION_SPAWN	3	argv[0] animation string via slot 0x38; argv[1] and argv[2] bool-like low bytes via slot 0x3C. Uses target+0x30 render interface and context-owned wait set at +0x28/+0x38.	none	-	Prints a fatal if target+0x74 is null or differs from the receiver but continues. With a nonnull interface and mesh, removes/releases a prior wait item, resolves argv[0], calls target slot 60 as SetAnimMode(index,argv[1],argv[2]), allocates/copies a 0x228-byte wait item from globals, calls CSPtrSet AddToTail with that pointer, writes global 0x0089C800=1, and stores the pointer at receiver+0x38.	Ownership check/log; interface and mesh gates; prior item remove then release; string lookup; decode argv[2] then argv[1] but pass logical order index,arg1,arg2; animate; allocate/copy item or retain null; call AddToTail with that pointer; set global; store receiver pointer.	Ownership mismatch only logs and continues. Null interface or mesh returns before prior-item removal. On wait-item allocation failure, the wrapper calls AddToTail with null, sets the global, and stores null; AddToTail's consequence is not established here. Arity is unchecked.	Console; interface slot 9; CSPtrSet Remove; prior-item release slot 1; VM string and bool getters; CMesh lookup; target slot 60 SetAnimMode; allocator; CSPtrSet AddToTail.	SRC_THING_SET_ANIM_MODE	Wait-item concrete class/consumer, runtime consequence of calling AddToTail with null, exact fatal policy, and original handler spelling.	In a copied runtime, probe ownership match/mismatch, null interface/mesh, prior item present, and forced wait-item allocation failure while recording list size, +0x38, 0x0089C800, and animation arguments.	C1_CANDIDATE_PARTIAL	STATIC_BEHAVIOR	IScript__PlayAnimationWait	REGISTRY_DERIVED_TIER2_ONLY	OPEN_NOT_CLAIMED	void __thiscall handler(void *iscriptShape, CDataType **argv, uint32_t argCount, CDataType **out)	The receiver is only an IScript-shaped owner (commonly exposing the target at +0x10); the exact C++ type is open. IScriptContext* is not promoted.	0c17ab6d6320ebab96cb9107a698b519b7bdc2930826d6f90eb7633139712a68	CORRECTED_AUDIT_FINDING	NULL_ARGUMENT_TO_ADD_TO_TAIL;HELPER_EFFECT_OPEN
61	SetY	0x00534dc0	D_VECTOR_NUMERIC	2	argv[0] 16-byte vector via slot 0x44; argv[1] float via slot 0x34.	vector	0x005e4da4	Replaces only the second vector dword/component at offset +4 with argv[1], preserves component 0, component 2, and the fourth dword, and boxes all four dwords.	Decode vector, decode float, overwrite local +4, allocate, copy four dwords, publish out.	No arity/type/null guards are local. Allocation failure stores null in out.	VM vector getter; VM float getter; 0x00534DF3 -> 0x005490E0 allocator.	-	VM naming of the fourth lane, authored NaN behavior, and original handler spelling.	Pass four distinct dword sentinels plus a replacement float and compare the returned 20-byte wrapper byte-for-byte.	C1_CANDIDATE_PARTIAL	STATIC_BEHAVIOR	IScript__SetY	REGISTRY_DERIVED_TIER2_ONLY	OPEN_NOT_CLAIMED	void __thiscall handler(void *iscriptShape, CDataType **argv, uint32_t argCount, CDataType **out)	The receiver is only an IScript-shaped owner (commonly exposing the target at +0x10); the exact C++ type is open. IScriptContext* is not promoted.	7672fe0c132d8e0f4946060220e6a9891303c4d30f7f1141f75177e51d5c5c6e	UNCHANGED_FROM_PINNED_SEMANTIC_REPLAY	-
64	GetSafePos	0x005350b0	D_VECTOR_NUMERIC	0	No script arguments. Uses target flags+0x34 bit 0x10 and, when set, target primary vslot 110 (+0x1B8) with a local 16-byte output buffer.	vector	0x005e4da4	Initializes only local x/y/z to zero. On the flagged path it calls slot 110, dereferences the returned pointer, and copies four dwords. On the unflagged path it boxes x=y=z=0 plus an uninitialized fourth stack dword.	Zero three dwords; optional dynamic slot call and returned-pointer copy; allocate and box four dwords.	The slot return pointer is unguarded. Allocation failure stores null in out. The unflagged fourth dword is stack residue, not a demonstrated zero.	Target primary slot 110, whose shared base body writes a zero vector but whose original behavior name and overrides remain open; allocator at 0x00535116.	-	Original slot-110 identity, reachable overrides, meaning of the fourth lane, and whether authored callers ever observe the unflagged residue.	Invoke flagged and unflagged copied targets with stack canaries; trace slot-110 target/return pointer and capture the exact 16 result bytes.	C1_CANDIDATE_PARTIAL	STATIC_BEHAVIOR	IScript__GetSafePos	REGISTRY_DERIVED_TIER2_ONLY	OPEN_NOT_CLAIMED	void __thiscall handler(void *iscriptShape, CDataType **argv, uint32_t argCount, CDataType **out)	The receiver is only an IScript-shaped owner (commonly exposing the target at +0x10); the exact C++ type is open. IScriptContext* is not promoted.	fd576bbb3edca25d25ddf6fb8e00c015453ea13d9e075757448f4e95f02cbc8c	UNCHANGED_FROM_PINNED_SEMANTIC_REPLAY	-
67	GetFloatRand	0x00538290	D_VECTOR_NUMERIC	0	No script arguments. Uses random-stream pointer global 0x008A9D9C.	float	0x005e4ea4	Consumes one Random__NextLCGAbs result before allocation. That helper sign-normalizes a negative generated state before returning. The wrapper's signed remainder-by-65536 sequence therefore receives a normal nonnegative value, yielding remainder 0..65535 and a nonnegative fraction in [0,1) after multiplication by 1/65536.	Advance and sign-normalize RNG result; allocate wrapper; only on allocation success compute remainder/scale and publish.	Allocation failure stores null but still consumes one RNG value. A negative remainder is not a normal helper result; the copied-runtime questions are seed/replay policy and allocation-order continuity, not a negative output branch.	0x00538298 -> 0x004DE8D0 Random__NextLCGAbs; allocator at 0x005382B2.	SRC_GAME_FLOAT_RANDOM	Initial seed/replay policy, exact low-bit distribution, allocation-failure gameplay consequence, and original handler spelling.	Seed a copied stream, capture consecutive helper integers and wrapper bits, assert each normal wrapper lies in [0,1), then force allocation failure and verify the following successful call skips exactly one value.	C1_CANDIDATE_PARTIAL	STATIC_BEHAVIOR	IScript__GetFloatRand	REGISTRY_DERIVED_TIER2_ONLY	OPEN_NOT_CLAIMED	void __thiscall handler(void *iscriptShape, CDataType **argv, uint32_t argCount, CDataType **out)	The receiver is only an IScript-shaped owner (commonly exposing the target at +0x10); the exact C++ type is open. IScriptContext* is not promoted.	53fe5c6002280969641cf01977171411bf7d5bef4b437706df49d01267a262a7	CORRECTED_AUDIT_FINDING	HELPER_SIGN_NORMALIZES;NONNEGATIVE_REMAINDER_FRACTION
71	IsEnemy	0x00538060	E_TARGET_QUERIES	0	No script arguments. Reads target flags+0x34 and target+0x138.	bool	0x005e4d50	Returns true exactly when flag bit 0x10 is set and target+0x138 equals integer 1; otherwise false. Pinned allegiance enum value 1 is Muspell, but the handler performs no relation-to-caller comparison.	Flag test; conditional field compare; one of two allocation sites boxes literal 1 or 0.	No target null guard. Allocation failure stores null in either branch.	Allocator at the true branch 0x00538085 or false branch 0x005380BF.	SRC_ALLEGIANCE_ENUM	Authoritative mapping of target+0x138 for every receiver, player-relative allegiance rules, and original handler spelling.	Probe copied targets with flag clear/set and field values 0..2 under both player allegiances; verify the function remains the literal field==1 test.	C1_CANDIDATE_PARTIAL	STATIC_BEHAVIOR	IScript__IsEnemy	REGISTRY_DERIVED_TIER2_ONLY	OPEN_NOT_CLAIMED	void __thiscall handler(void *iscriptShape, CDataType **argv, uint32_t argCount, CDataType **out)	The receiver is only an IScript-shaped owner (commonly exposing the target at +0x10); the exact C++ type is open. IScriptContext* is not promoted.	b4beeb920639898abd8239c01ccf3a05bf3d4ea0e2cfb47e907ca08ce9864061	UNCHANGED_FROM_PINNED_SEMANTIC_REPLAY	-
89	GetAngle	0x00534680	D_VECTOR_NUMERIC	1	argv[0] thing pointer via slot 0x40; the getter is called twice. Uses context target position +0x1C/+0x20 and orientation fields +0x40/+0x50.	float	0x005e4ea4	Defaults to 0. When the first lookup is nonnull, computes facing=-atan2(target+0x40,target+0x50) and bearing=-atan2(arg.x-target.x,arg.y-target.y), wraps the cross-boundary case at +/-pi, then returns abs(facing-bearing)*180/pi.	First thing lookup as guard; second independent lookup; position/orientation reads and x87 atan/wrap arithmetic; allocation and boxing.	A null first lookup returns boxed 0. A null or changed second lookup is immediately dereferenced. Allocation failure stores null in out. NaN comparisons follow visible x87 unordered branches.	Two VM thing getters; 0x00534735 -> 0x005490E0 allocator.	-	Why the getter is repeated, exact orientation convention name, concurrency/reentrancy of the getter, and original handler spelling.	Use a getter instrument that returns stable, null-first, and null-second values; probe collinear, opposite, and quarter-turn geometry and compare raw degree bits.	C1_CANDIDATE_PARTIAL	STATIC_BEHAVIOR	IScript__GetAngle	REGISTRY_DERIVED_TIER2_ONLY	OPEN_NOT_CLAIMED	void __thiscall handler(void *iscriptShape, CDataType **argv, uint32_t argCount, CDataType **out)	The receiver is only an IScript-shaped owner (commonly exposing the target at +0x10); the exact C++ type is open. IScriptContext* is not promoted.	bf9382a5d9bb1eca0e6cd87c1aa597409f8d1648068848c1f422852f76a132ec	UNCHANGED_FROM_PINNED_SEMANTIC_REPLAY	-
93	SpawnersInUse	0x00535af0	E_TARGET_QUERIES	0	No script arguments. Requires target flags+0x34 bit 0x10.	bool	0x005e4d50	Returns false when the gate is clear. Otherwise 0x004FD7A0 walks the linked entries rooted at target+0x18C and returns true when any entry has nonzero field +0x3EC; empty/no-match is false.	Default false; optional list predicate; canonicalize to one byte; allocate bool wrapper; publish out.	No cycle or corrupt-node guard is visible in the list walk. Allocation failure stores null after the scan.	0x00535AFC -> 0x004FD7A0 CUnit__HasAnyInBlockedSupportState -> 0x004E4420 field+0x3EC predicate; allocator at 0x00535B16.	-	Concrete meaning of the +0x18C list and +0x3EC field, why the registry label broadens that predicate, and original handler spelling.	Construct copied empty, all-zero, one-nonzero, and cyclic list cases; capture traversal order and returned byte without treating the registry label as field identity.	C1_CANDIDATE_PARTIAL	STATIC_BEHAVIOR	IScript__SpawnersInUse	REGISTRY_DERIVED_TIER2_ONLY	OPEN_NOT_CLAIMED	void __thiscall handler(void *iscriptShape, CDataType **argv, uint32_t argCount, CDataType **out)	The receiver is only an IScript-shaped owner (commonly exposing the target at +0x10); the exact C++ type is open. IScriptContext* is not promoted.	175b1ad8c19aa26bbb2478f8376394871d61142da9951b72e63be64a6a8d163f	UNCHANGED_FROM_PINNED_SEMANTIC_REPLAY	-
95	Stop	0x00534f30	B_TARGET_ACTIONS	0	No script arguments. Uses the context target without a type-flag gate and copies its 16 bytes at +0x1C..+0x2B.	none	-	Calls target primary vslot 61 (+0xF4) with the current 16-byte position by value and override flag 0. Slot evidence identifies GoToPoint(FVector,false), not CActor::Stop.	Copy current position, push false override, then dynamic GoToPoint-slot call.	No target/type/null guard. Behavior depends on the concrete slot-61 override; the CComplexThing base implementation is a no-op.	Target primary slot 61, source-correlated GoToPoint(FVector,BOOL).	SRC_THING_GOTOPOINT_STOP_SEPARATE;SRC_ACTOR_STOP_NOT_CALLED	Reachable concrete GoToPoint overrides and whether their current-position request stops motion in every authored case.	For each reachable target vtable in a copied runtime, trace slot 61 and compare velocity/path state after GoToPoint(currentPosition,false); contrast direct CActor::Stop.	C1_CANDIDATE_PARTIAL	STATIC_BEHAVIOR	IScript__Stop	REGISTRY_DERIVED_TIER2_ONLY	OPEN_NOT_CLAIMED	void __thiscall handler(void *iscriptShape, CDataType **argv, uint32_t argCount, CDataType **out)	The receiver is only an IScript-shaped owner (commonly exposing the target at +0x10); the exact C++ type is open. IScriptContext* is not promoted.	b4dbb4c2d329df0aa31972b49b4d5288c55e776cee334091cf358b2664152ae3	UNCHANGED_FROM_PINNED_SEMANTIC_REPLAY	-
96	Deploy	0x00534f70	B_TARGET_ACTIONS	0	No script arguments. Requires target flags+0x34 bit 0x10.	none	-	Calls 0x004FDE30. That callee acts only when target+0x244==0: it writes 3, resolves the 'deploying' animation through target+0x30 interface slot 9, finds its animation index, and calls target primary slot 60.	Wrapper flag gate; callee state==0 gate; state write 0->3; mesh/animation resolution; SetAnimMode-slot dispatch.	Failed wrapper or state gate is silent. The callee locally assumes nonnull target+0x30 and returned mesh; animation lookup failure propagation is not guarded.	0x00534F79 -> 0x004FDE30 CUnit__BeginDeployAnimationIfIdle -> interface slot 9, CMesh animation lookup, target slot 60.	-	Exact state-enum names for +0x244, reachable receiver classes, animation failure behavior, and original handler spelling.	Probe copied targets at +0x244 values 0 and nonzero while tracing the animation name/index and slot-60 arguments.	C1_CANDIDATE_PARTIAL	STATIC_BEHAVIOR	IScript__Deploy	REGISTRY_DERIVED_TIER2_ONLY	OPEN_NOT_CLAIMED	void __thiscall handler(void *iscriptShape, CDataType **argv, uint32_t argCount, CDataType **out)	The receiver is only an IScript-shaped owner (commonly exposing the target at +0x10); the exact C++ type is open. IScriptContext* is not promoted.	712daa149fc2645abbcafb6cf25733da1db782157d7b3588fdcaefba1255d251	UNCHANGED_FROM_PINNED_SEMANTIC_REPLAY	-
97	Undeploy	0x00534f90	B_TARGET_ACTIONS	0	No script arguments. Requires target flags+0x34 bit 0x10.	none	-	Calls 0x004FDE70. That callee acts only when target+0x244==4: it writes 5, resolves the 'undeploying' animation through target+0x30 interface slot 9, finds its animation index, and calls target primary slot 60.	Wrapper flag gate; callee state==4 gate; state write 4->5; mesh/animation resolution; SetAnimMode-slot dispatch.	Failed wrapper or state gate is silent. The callee locally assumes nonnull target+0x30 and returned mesh; animation lookup failure propagation is not guarded.	0x00534F99 -> 0x004FDE70 CWarspite__TransitionToUndeploying -> interface slot 9, CMesh animation lookup, target slot 60.	-	Whether the concrete owner is always Warspite, exact +0x244 state names, animation failure behavior, and original handler spelling.	Probe copied targets at +0x244 values 4 and non-4 while tracing receiver vtable, animation name/index, and slot-60 arguments.	C1_CANDIDATE_PARTIAL	STATIC_BEHAVIOR	IScript__Undeploy	REGISTRY_DERIVED_TIER2_ONLY	OPEN_NOT_CLAIMED	void __thiscall handler(void *iscriptShape, CDataType **argv, uint32_t argCount, CDataType **out)	The receiver is only an IScript-shaped owner (commonly exposing the target at +0x10); the exact C++ type is open. IScriptContext* is not promoted.	661ee1f349b380671ab2b6ddb9ab1b725fdc6bc4eb37affc631cfdb545ffde82	UNCHANGED_FROM_PINNED_SEMANTIC_REPLAY	-
103	GetTarget	0x005366c0	E_TARGET_QUERIES	0	No script arguments. If target flags+0x34 bit 0x10 is set, calls target primary slot 81 (+0x144); otherwise uses null.	thing-pointer	0x005e4df8	Allocates an 8-byte pointer wrapper. For a nonnull returned thing, lazily allocates/initializes a 0x10 pointer-reference set at thing+0x04, adds the wrapper payload address to its head, then publishes the wrapper. One pinned CBattleEngine slot-81 override advances a target index before selecting lock-list entries.	Optional dynamic target query; outer wrapper allocation; payload store; optional reference-set allocation/init/store; AddToHead; final vtable write; publish out.	Outer allocation failure stores null after the dynamic query. If the inner set allocation fails, thing+0x04 is set null and AddToHead is still called with null. Null query values are boxed without reference registration.	Target primary slot 81 GetCurrentTarget; outer and optional inner allocator; CSPtrSet Init; CSPtrSet AddToHead.	SRC_BE_CURRENT_TARGET	Complete slot-81 override population, lock-selection runtime behavior, inner-allocation failure outcome, and original handler spelling.	Enumerate copied target vtables; force null/non-null query results and outer/inner allocation failures while observing slot side effects, thing+0x04, and wrapper registration.	C1_CANDIDATE_PARTIAL	STATIC_BEHAVIOR	IScript__GetTarget	REGISTRY_DERIVED_TIER2_ONLY	OPEN_NOT_CLAIMED	void __thiscall handler(void *iscriptShape, CDataType **argv, uint32_t argCount, CDataType **out)	The receiver is only an IScript-shaped owner (commonly exposing the target at +0x10); the exact C++ type is open. IScriptContext* is not promoted.	b515ade1733f12b7f364fda1ce5cce93f87d4856487cc9ad11c5449d1336a635	UNCHANGED_FROM_PINNED_SEMANTIC_REPLAY	-
104	Normalise	0x00534500	D_VECTOR_NUMERIC	1	argv[0] 16-byte vector via slot 0x44. The getter receives the address of a 16-byte local output buffer; its return value is ignored.	vector	0x005e4da4	Computes sqrt(x*x+y*y+z*z) from the local buffer. If the x87 comparison is neither equal-to-zero nor unordered, scales local x/y/z by 1/magnitude. It copies all four local dwords, including the unchanged fourth input dword, into a new 0x14-byte vector wrapper.	Pass local-buffer address to the vector getter; compute magnitude; optionally scale three local components; allocate wrapper; copy four local dwords; publish out.	No local guard protects argv, argv[0], or the getter dispatch. The body does not dereference a vector pointer returned by the getter. Zero and NaN/unordered magnitudes skip scaling; infinity takes the scaling path. Allocation failure stores null in out.	VM vector getter writes a caller-provided local buffer; 0x0053457B -> 0x005490E0 allocator.	-	Authored use of the fourth word, exact VM vector type provenance, runtime x87 control word, and original handler spelling.	Call with zero, unit, nonunit, denormal, NaN, and infinity vectors carrying a fourth-word sentinel; capture raw result bytes and x87 status.	C1_CANDIDATE_PARTIAL	STATIC_BEHAVIOR	IScript__Normalise	REGISTRY_DERIVED_TIER2_ONLY	OPEN_NOT_CLAIMED	void __thiscall handler(void *iscriptShape, CDataType **argv, uint32_t argCount, CDataType **out)	The receiver is only an IScript-shaped owner (commonly exposing the target at +0x10); the exact C++ type is open. IScriptContext* is not promoted.	6567b7e5e84dc57cbb302539bed752ce9caaa83bde683e420ed28e9a7b934e69	CORRECTED_AUDIT_FINDING	LOCAL_OUTPUT_BUFFER;UNGUARDED_ARGUMENT_GETTER;NO_RETURNED_POINTER_DEREFERENCE
107	IsFiring	0x00535b50	E_TARGET_QUERIES	0	No script arguments. Requires target flags+0x34 bit 0x10.	bool	0x005e4d50	Returns false when the gate is clear. Otherwise 0x004FD760 walks target+0x17C and returns true for the first linked unit with nonnull +0xA0 profile, nonzero +0x6C timeout, and timeout < profile+0x44. This is not the pinned CBattleEngine::IsFiring walker/jet dispatch.	Default false; optional linked-list predicate; canonicalize; allocate bool wrapper; publish out.	No cycle or corrupt-node guard is visible. Allocation failure stores null after the scan.	0x00535B5C -> 0x004FD760 CUnit__HasAnyLinkedUnitBeforeTargetTimeout -> 0x0050A290 timeout/profile predicate; allocator at 0x00535B76.	-	Why the command is named IsFiring, exact list/timeout semantics, authored usage, and original handler spelling.	Probe copied list entries varying +0xA0, +0x6C, and profile+0x44; separately compare the actual CBattleEngine::IsFiring result to refute accidental equivalence.	C1_CANDIDATE_PARTIAL	STATIC_BEHAVIOR	IScript__IsFiring	REGISTRY_DERIVED_TIER2_ONLY	OPEN_NOT_CLAIMED	void __thiscall handler(void *iscriptShape, CDataType **argv, uint32_t argCount, CDataType **out)	The receiver is only an IScript-shaped owner (commonly exposing the target at +0x10); the exact C++ type is open. IScriptContext* is not promoted.	577128112c870ed29c43c9576ec55216fdbd728c824125345abffcea6e76bc86	UNCHANGED_FROM_PINNED_SEMANTIC_REPLAY	-
109	SetSegmentVulnerable	0x00534300	C_SEGMENTS	2	argv[0] string via CDataType slot 0x38; argv[1] bool-like low byte via slot 0x3C. Requires target flags+0x34 bit 0x10 and nonnull target+0x178 controller.	none	-	The callee resolves a named mesh part, reads part+0x88, uses it directly against the controller+0x04 segment-pointer array, writes the low-byte flag to segment+0x1C, and optionally recomputes controller+0x18.	Target/controller gates; decode argv[1] before argv[0]; mesh/name lookup; unchecked part+0x88 array index; null-entry test; +0x1C write; optional metric recomputation.	Failed wrapper gates and null render interface/root mesh are silent. Missing name or a null selected segment prints a fatal error. The callee does not compare part+0x88 with controller+0x08 before reading controllerArray[index]; the later null test is not a bounds check.	VM bool getter; VM string getter; 0x00534333 -> 0x004445B0 CDestructableSegmentsController__SetSegmentActiveFlagByName, which calls mesh lookup and optional recursive metric summation.	-	Concrete names for segment+0x1C/controller+0x18, validity guarantee for mesh part+0x88, out-of-range runtime consequence, and original handler spelling.	On a copied destructible unit, toggle one valid name with bytes 0, 1, and 2; then probe a missing name while recording +0x1C, controller+0x18, and the fatal log.	C1_CANDIDATE_PARTIAL	STATIC_BEHAVIOR	IScript__SetSegmentVulnerable	REGISTRY_DERIVED_TIER2_ONLY	OPEN_NOT_CLAIMED	void __thiscall handler(void *iscriptShape, CDataType **argv, uint32_t argCount, CDataType **out)	The receiver is only an IScript-shaped owner (commonly exposing the target at +0x10); the exact C++ type is open. IScriptContext* is not promoted.	05894713ec6584c38a346b1607de71c63f57be8110723456cf9f639e5cc75a25	CORRECTED_AUDIT_FINDING	MESH_PART_88_INDEX;NO_LOCAL_CONTROLLER_COUNT_CHECK
112	SwitchMessagesOn	0x005342c0	A_GLOBAL_UI	0	No script arguments. Uses global CMessageBox-shaped pointer 0x008A9D84.	none	-	If the global is nonnull, 0x004B7B60 writes receiver+0x2C0=1 and continues into the queued-message advance routine; that routine advances only under its own idle/ready/armed gates.	Null test, set queue-advance flag, then attempt queue advancement.	A null global is a silent no-op. The registry label does not prove a general messages-enabled mode.	0x005342CA -> 0x004B7B60 CMessageBox__RequestQueueAdvance -> 0x004B7B80 CMessageBox__TryAdvanceQueuedMessage.	-	Runtime queue states, UI ownership, original handler spelling, and whether authored scripts use the broader label literally.	In a copied runtime, capture +0x2C0 and active/queued message fields before and after the command in null, idle, busy, and not-ready states.	C1_CANDIDATE_PARTIAL	STATIC_BEHAVIOR	IScript__SwitchMessagesOn	REGISTRY_DERIVED_TIER2_ONLY	OPEN_NOT_CLAIMED	void __thiscall handler(void *iscriptShape, CDataType **argv, uint32_t argCount, CDataType **out)	The receiver is only an IScript-shaped owner (commonly exposing the target at +0x10); the exact C++ type is open. IScriptContext* is not promoted.	c00499faef7f1e77fe1e980922e19c1260ab27d32bc15d63382ea4fa7b17bb03	UNCHANGED_FROM_PINNED_SEMANTIC_REPLAY	-
113	SwitchMessagesOff	0x005342e0	A_GLOBAL_UI	0	No script arguments. Uses global CMessageBox-shaped pointer 0x008A9D84.	none	-	If the global is nonnull, 0x004B7B70 writes receiver+0x2C0=0 and returns.	Null test, then one flag clear.	A null global is a silent no-op. No queued or active message is removed by the visible body.	0x005342EA -> 0x004B7B70 CMessageBox__ClearQueueAdvanceFlag.	-	Runtime UI meaning of +0x2C0, original handler spelling, and reconstruction parity.	In a copied runtime with an armed queue, invoke once and verify only +0x2C0 changes before the next message-box update.	C1_CANDIDATE_PARTIAL	STATIC_BEHAVIOR	IScript__SwitchMessagesOff	REGISTRY_DERIVED_TIER2_ONLY	OPEN_NOT_CLAIMED	void __thiscall handler(void *iscriptShape, CDataType **argv, uint32_t argCount, CDataType **out)	The receiver is only an IScript-shaped owner (commonly exposing the target at +0x10); the exact C++ type is open. IScriptContext* is not promoted.	7bc50a02626ed1393a7d6be2f5c479e3c7111c4fde203116f7e04fa18cd7c0d9	UNCHANGED_FROM_PINNED_SEMANTIC_REPLAY	-
116	GotoPlayerCamera	0x005342b0	A_GLOBAL_UI	0	No script arguments. Receiver/context and argCount are ignored; the global pointer at 0x008A9D3C is the callee receiver.	none	-	Unconditionally calls 0x004D2A50 CPlayer__GotoControlView(global 0x008A9D3C). The source-aligned callee selects the preferred first- or third-person control view.	Load global receiver, then make the single direct call; no local branch or write.	There is no null guard. A null or stale global is passed to a member body that reads receiver fields.	0x005342B6 -> 0x004D2A50 CPlayer__GotoControlView.	SRC_PLAYER_GOTO_CONTROL	Runtime reachability, exact global ownership, original handler spelling, and reconstruction parity.	On a copied runtime, invoke once for each preferred-view value while watching 0x008A9D3C and the current-camera transition; separately force a null copied global under a crash-contained harness.	C1_CANDIDATE_PARTIAL	STATIC_BEHAVIOR	IScript__GotoPlayerCamera	REGISTRY_DERIVED_TIER2_ONLY	OPEN_NOT_CLAIMED	void __thiscall handler(void *iscriptShape, CDataType **argv, uint32_t argCount, CDataType **out)	The receiver is only an IScript-shaped owner (commonly exposing the target at +0x10); the exact C++ type is open. IScriptContext* is not promoted.	a2b12cd4a2c2da1930530ba0b6224623adabcf016785e031d405664d0d2b88ae	UNCHANGED_FROM_PINNED_SEMANTIC_REPLAY	-
125	InJetMode	0x005380f0	E_TARGET_QUERIES	0	No script arguments. Requires target flags+0x34 bit 0x08; direct callee reads target+0x260, target+0xCC, global clock 0x00672FD0, and constant 0.5 at 0x005D85EC.	bool	0x005e4d50	Returns false when the type gate is clear. When set, the direct callee returns true only for state==2 and when elapsed<0.5 or the elapsed comparison is unordered (it tests x87 C0 only). The wrapper negates that callee result: for ordered values it is true iff state!=2 or elapsed>=0.5; state 2 with unordered elapsed returns false.	Default false; optional direct predicate call; set wrapper true only when the full predicate return is zero; allocate/canonicalize bool wrapper.	The callee's C0-only comparison treats unordered like less-than. Consequently state 2 with NaN elapsed makes the callee true and the wrapper false, not true. Allocation failure stores null after the predicate.	0x005380FC -> 0x00408120 state-2/recent-time predicate; allocator at 0x0053811D.	SRC_BE_STATE_ENUM	Intended gameplay interpretation of the 0.5-second exception, exact +0xCC timestamp owner, authored NaN reachability, and original handler spelling.	Probe all four pinned state values at elapsed 0, 0.499, 0.5, 1, and NaN in a copied runtime; compare this result with literal state==JET.	C1_CANDIDATE_PARTIAL	STATIC_BEHAVIOR	IScript__InJetMode	REGISTRY_DERIVED_TIER2_ONLY	OPEN_NOT_CLAIMED	void __thiscall handler(void *iscriptShape, CDataType **argv, uint32_t argCount, CDataType **out)	The receiver is only an IScript-shaped owner (commonly exposing the target at +0x10); the exact C++ type is open. IScriptContext* is not promoted.	7403e16966009511e3b8491d56bc5db8216673e5aea397590f29fc8fba871848	CORRECTED_AUDIT_FINDING	C0_ONLY_LESS_OR_UNORDERED;WRAPPER_NEGATES;UNORDERED_WRAPPER_FALSE
129	SetVelocity	0x00534340	B_TARGET_ACTIONS	1	argv[0] 16-byte vector via slot 0x44. Requires target flags+0x34 bit 0x10.	none	-	Forwards the decoder-returned vector pointer to target primary vslot 28 (+0x70). A pinned CActor override stores the value in mVelocity, but the handler is dynamically dispatched.	Target flag gate, vector decode, then dynamic SetVelocity-slot call.	Failed flag gate is silent. No null check protects the target, argv[0], decoder-return pointer, or dynamic slot.	VM vector getter; target primary slot 28, source-correlated SetVelocity(const FVector&).	SRC_THING_SET_VELOCITY_SLOT;SRC_ACTOR_SET_VELOCITY	All reachable concrete slot-28 overrides, fourth vector-word consumption, runtime reachability, and original handler spelling.	Enumerate reachable target vtables in a copied mission, invoke with a sentinel fourth word, and compare pre/post velocity storage and slot target per concrete class.	C1_CANDIDATE_PARTIAL	STATIC_BEHAVIOR	IScript__SetVelocity	REGISTRY_DERIVED_TIER2_ONLY	OPEN_NOT_CLAIMED	void __thiscall handler(void *iscriptShape, CDataType **argv, uint32_t argCount, CDataType **out)	The receiver is only an IScript-shaped owner (commonly exposing the target at +0x10); the exact C++ type is open. IScriptContext* is not promoted.	8424ecc9650447b88d705a99e3f636061903219b71ee029da1f4337422a45e4a	UNCHANGED_FROM_PINNED_SEMANTIC_REPLAY	-
131	GetNumber	0x00535980	E_TARGET_QUERIES	0	No script arguments. Tests target flags+0x34 mask 0x00080000.	integer	0x005e4af8	Returns boxed 0 when the mask is clear; otherwise boxes the exact target+0x270 dword.	Default 0; mask test and optional field read; allocate integer wrapper; publish out.	No target null guard. Allocation failure stores null in out.	Allocator only at 0x005359A8.	-	Owning class and signedness/semantic name of +0x270, original handler spelling, and runtime range.	Use copied targets with the mask clear/set and +0x270 values 0, -1, and a high-bit sentinel; compare boxed dword bytes.	C1_CANDIDATE_PARTIAL	STATIC_BEHAVIOR	IScript__GetNumber	REGISTRY_DERIVED_TIER2_ONLY	OPEN_NOT_CLAIMED	void __thiscall handler(void *iscriptShape, CDataType **argv, uint32_t argCount, CDataType **out)	The receiver is only an IScript-shaped owner (commonly exposing the target at +0x10); the exact C++ type is open. IScriptContext* is not promoted.	050c36700f6453b24678a3124251822545dba528cf6328306552cf2d52d0ee9a	UNCHANGED_FROM_PINNED_SEMANTIC_REPLAY	-
132	SpawnEscapePod	0x005371e0	F_ANIMATION_SPAWN	0	"No script arguments. Uses target+0x30 interface; calls interface slot 7 (+0x1C) with ""SpawnerF"", 1, position and matrix outputs, 0, 0."	none	-	After the interface call, allocates a 0xE8 CActor-shaped object, initializes bases/vtables, constructs a stack CInitThing, derives yaw and pitch from one matrix direction scaled by 100, and uses target position when each returned x/y/z comparison sets x87 C3 (equal to zero or unordered); one ordered nonzero component selects the returned position. It zeroes velocity xyz, sets descriptor constant 1.5 and neutral allegiance 2, then calls actor primary slot 9 Init.	Interface gate/call; actor allocation/base initialization/global link; CInitThing construction; direction-to-yaw/pitch arithmetic; all-zero-or-unordered position fallback; descriptor writes; actor Init dispatch.	Null interface or actor allocation returns silently. Interface success/result status is not checked. For each position component, unordered is treated like equality by the C3-only test; fallback occurs when all three are zero or unordered. Magnitude<=0 or unordered selects pitch 0. Several fourth/padding dwords remain byte-level unknowns.	Interface slot 7; allocator; OID init; particle-link global insertion; CInitThing ctor; Vec3 magnitude; optional acos; actor primary slot 9 Init.	SRC_ALLEGIANCE_ENUM;SRC_INIT_THING_CTOR;SRC_INIT_THING_LAYOUT	Original interface-slot identity/output contract, exact descriptor packing/fourth words, mixed ordered/NaN authored inputs, actor lifetime after Init, and original handler spelling.	In a copied runtime, instrument interface slot 7 and actor Init; return zero/nonzero/NaN positions and basis vectors, then capture the full descriptor and actor-list/lifetime effects.	C1_CANDIDATE_PARTIAL	STATIC_BEHAVIOR	IScript__SpawnEscapePod	REGISTRY_DERIVED_TIER2_ONLY	OPEN_NOT_CLAIMED	void __thiscall handler(void *iscriptShape, CDataType **argv, uint32_t argCount, CDataType **out)	The receiver is only an IScript-shaped owner (commonly exposing the target at +0x10); the exact C++ type is open. IScriptContext* is not promoted.	664565c76e78c43570bb6a96fe3146a5f34a8fec870d3ca01437c97f5375bc7f	CORRECTED_AUDIT_FINDING	XYZ_C3_EQUAL_OR_UNORDERED;ALL_ZERO_OR_UNORDERED_FALLBACK
134	ResetSegmentHealth	0x005354c0	C_SEGMENTS	2	argv[0] string via slot 0x38; argv[1] float via slot 0x34. Requires target flag bit 0x10 and nonnull target+0x178 controller.	none	-	The callee resolves a named mesh part, reads part+0x88, uses it directly against the controller+0x04 segment-pointer array, writes the float to segment+0x0C then +0x10, and optionally recomputes controller+0x18.	Target/controller gates; decode float before string; mesh/name lookup; unchecked part+0x88 array index; null-entry test; +0x0C then +0x10 writes; optional metric recomputation.	Failed wrapper gates and null render interface/root mesh are silent. Missing name or a null selected segment prints a fatal error. The callee does not compare part+0x88 with controller+0x08 before reading controllerArray[index]; both writes remain when the metric root is null.	VM float getter; VM string getter; 0x005354F1 -> 0x004444B0 SetSegmentFields0C10ByName -> mesh lookup, optional metric summation/console.	-	Concrete meanings of +0x0C/+0x10/+0x18, validity guarantee for mesh part+0x88, out-of-range runtime consequence, and original handler spelling.	Use unequal pre-state fields and one input value on a copied segment; record write order, recursive metric input/output, and missing-name behavior.	C1_CANDIDATE_PARTIAL	STATIC_BEHAVIOR	IScript__ResetSegmentHealth	REGISTRY_DERIVED_TIER2_ONLY	OPEN_NOT_CLAIMED	void __thiscall handler(void *iscriptShape, CDataType **argv, uint32_t argCount, CDataType **out)	The receiver is only an IScript-shaped owner (commonly exposing the target at +0x10); the exact C++ type is open. IScriptContext* is not promoted.	aeb778e29b5953941890499cb6edfcefdb7fc5c303765a195cf5c3e458bb7c27	CORRECTED_AUDIT_FINDING	MESH_PART_88_INDEX;NO_LOCAL_CONTROLLER_COUNT_CHECK
143	IsOverWater	0x00538150	E_TARGET_QUERIES	0	No script arguments. Passes the context target directly to 0x004F3DE0.	bool	0x005e4d50	The source-aligned callee samples ground at target+0x1C and returns true exactly when global water height is less than sampled ground height; the wrapper canonicalizes that result.	Unconditional ground/water predicate call; allocate bool wrapper; publish out.	No target/type/null guard. NaN ordered comparison returns false. Allocation failure stores null after the terrain sample.	0x00538154 -> 0x004F3DE0 CThing__IsOverWater -> terrain-height sampler; allocator at 0x0053816E.	SRC_THING_OVER_WATER	Coordinate/height conventions behind the counterintuitive comparison, runtime terrain edge cases, and original handler spelling.	Probe copied points with ground below/equal/above water and a NaN sample; record raw heights and returned byte.	C1_CANDIDATE_PARTIAL	STATIC_BEHAVIOR	IScript__IsOverWater	REGISTRY_DERIVED_TIER2_ONLY	OPEN_NOT_CLAIMED	void __thiscall handler(void *iscriptShape, CDataType **argv, uint32_t argCount, CDataType **out)	The receiver is only an IScript-shaped owner (commonly exposing the target at +0x10); the exact C++ type is open. IScriptContext* is not promoted.	fdc84591059d2ec2aff370a0dd03d12985b376e1bbb125b64edba6e28c43b545	UNCHANGED_FROM_PINNED_SEMANTIC_REPLAY	-
